{
	"basicitem": [
		{
			"name": "Battleaxe",
			"type": "M",
			"axe": true,
			"weapon": true,
			"weaponCategory": "Martial",
			"rarity": "None",
			"value": "10gp",
			"weight": "4",
			"dmg1": "1d8",
			"dmg2": "1d10",
			"dmgType": "S",
			"property": "V",
			"source": "PHB",
			"page": "149"
		},
		{
			"name": "Blowgun",
			"type": "R",
			"weapon": true,
			"weaponCategory": "Martial",
			"rarity": "None",
			"value": "10gp",
			"weight": "1",
			"dmg1": "1",
			"dmgType": "P",
			"property": "A,LD",
			"range": "25/100",
			"source": "PHB",
			"page": "149"
		},
		{
			"name": "Club",
			"type": "M",
			"weapon": true,
			"weaponCategory": "Simple",
			"rarity": "None",
			"value": "1sp",
			"weight": "2",
			"dmg1": "1d4",
			"dmgType": "B",
			"property": "L",
			"source": "PHB",
			"page": "149"
		},
		{
			"name": "Dagger",
			"type": "M",
			"weapon": true,
			"weaponCategory": "Simple",
			"rarity": "None",
			"value": "2gp",
			"weight": "1",
			"dmg1": "1d4",
			"dmgType": "P",
			"property": "F,L,T",
			"range": "20/60",
			"source": "PHB",
			"page": "149"
		},
		{
			"name": "Dart",
			"type": "R",
			"weapon": true,
			"weaponCategory": "Simple",
			"rarity": "None",
			"value": "5cp",
			"weight": "0.25",
			"dmg1": "1d4",
			"dmgType": "P",
			"property": "F,T",
			"range": "20/60",
			"source": "PHB",
			"page": "149"
		},
		{
			"name": "Flail",
			"type": "M",
			"weapon": true,
			"weaponCategory": "Martial",
			"rarity": "None",
			"value": "10gp",
			"weight": "2",
			"dmg1": "1d8",
			"dmgType": "B",
			"source": "PHB",
			"page": "149"
		},
		{
			"name": "Glaive",
			"type": "M",
			"weapon": true,
			"weaponCategory": "Martial",
			"rarity": "None",
			"value": "20gp",
			"weight": "6",
			"dmg1": "1d10",
			"dmgType": "S",
			"property": "H,R,2H",
			"source": "PHB",
			"page": "149"
		},
		{
			"name": "Greataxe",
			"type": "M",
			"weapon": true,
			"axe": true,
			"weaponCategory": "Martial",
			"rarity": "None",
			"value": "30gp",
			"weight": "7",
			"dmg1": "1d12",
			"dmgType": "S",
			"property": "H,2H",
			"source": "PHB",
			"page": "149"
		},
		{
			"name": "Greatclub",
			"type": "M",
			"weapon": true,
			"weaponCategory": "Simple",
			"rarity": "None",
			"value": "2sp",
			"weight": "10",
			"dmg1": "1d8",
			"dmgType": "B",
			"property": "2H",
			"source": "PHB",
			"page": "149"
		},
		{
			"name": "Greatsword",
			"type": "M",
			"weapon": true,
			"sword": true,
			"weaponCategory": "Martial",
			"rarity": "None",
			"value": "50gp",
			"weight": "6",
			"dmg1": "2d6",
			"dmgType": "S",
			"property": "H,2H",
			"source": "PHB",
			"page": "149"
		},
		{
			"name": "Halberd",
			"type": "M",
			"weapon": true,
			"weaponCategory": "Martial",
			"rarity": "None",
			"value": "20gp",
			"weight": "6",
			"dmg1": "1d10",
			"dmgType": "S",
			"property": "H,R,2H",
			"source": "PHB",
			"page": "149"
		},
		{
			"name": "Handaxe",
			"type": "M",
			"weapon": true,
			"axe": true,
			"weaponCategory": "Simple",
			"rarity": "None",
			"value": "5gp",
			"weight": "2",
			"dmg1": "1d6",
			"dmgType": "S",
			"property": "L,T",
			"range": "20/60",
			"source": "PHB",
			"page": "149"
		},
		{
			"name": "Hand Crossbow",
			"type": "R",
			"weapon": true,
			"weaponCategory": "Martial",
			"rarity": "None",
			"value": "75gp",
			"weight": "3",
			"dmg1": "1d6",
			"dmgType": "P",
			"property": "A,L,LD",
			"range": "30/120",
			"source": "PHB",
			"page": "149"
		},
		{
			"name": "Heavy Crossbow",
			"type": "R",
			"weapon": true,
			"weaponCategory": "Martial",
			"rarity": "None",
			"value": "50gp",
			"weight": "18",
			"dmg1": "1d10",
			"dmgType": "P",
			"property": "A,H,LD,2H",
			"range": "100/400",
			"source": "PHB",
			"page": "149"
		},
		{
			"name": "Javelin",
			"type": "M",
			"weapon": true,
			"weaponCategory": "Simple",
			"rarity": "None",
			"value": "2sp",
			"weight": "2",
			"dmg1": "1d6",
			"dmgType": "P",
			"property": "T",
			"range": "30/120",
			"source": "PHB",
			"page": "149"
		},
		{
			"name": "Lance",
			"type": "M",
			"weapon": true,
			"weaponCategory": "Martial",
			"rarity": "None",
			"value": "10gp",
			"weight": "6",
			"dmg1": "1d12",
			"dmgType": "P",
			"property": "R,S",
			"source": "PHB",
			"page": "149",
			"entries": [
				{
					"type": "entries",
					"name": "Special",
					"entries": [
						"You have disadvantage when you use a lance to attack a target within 5 feet of you. Also, a lance requires two hands to wield when you aren't mounted."
					]
				}
			]
		},
		{
			"name": "Light Crossbow",
			"type": "R",
			"weapon": true,
			"weaponCategory": "Simple",
			"rarity": "None",
			"value": "25gp",
			"weight": "5",
			"dmg1": "1d8",
			"dmgType": "P",
			"property": "A,LD,2H",
			"range": "80/320",
			"source": "PHB",
			"page": "149"
		},
		{
			"name": "Light Hammer",
			"type": "M",
			"weapon": true,
			"weaponCategory": "Simple",
			"rarity": "None",
			"value": "2gp",
			"weight": "2",
			"dmg1": "1d4",
			"dmgType": "B",
			"property": "L,T",
			"range": "20/60",
			"source": "PHB",
			"page": "149"
		},
		{
			"name": "Longbow",
			"type": "R",
			"weapon": true,
			"weaponCategory": "Martial",
			"rarity": "None",
			"value": "50gp",
			"weight": "2",
			"dmg1": "1d8",
			"dmgType": "P",
			"property": "A,H,2H",
			"range": "150/600",
			"source": "PHB",
			"page": "149"
		},
		{
			"name": "Longsword",
			"type": "M",
			"weapon": true,
			"sword": true,
			"weaponCategory": "Martial",
			"rarity": "None",
			"value": "15gp",
			"weight": "3",
			"dmg1": "1d8",
			"dmg2": "1d10",
			"dmgType": "S",
			"property": "V",
			"source": "PHB",
			"page": "149"
		},
		{
			"name": "Mace",
			"type": "M",
			"weapon": true,
			"weaponCategory": "Simple",
			"rarity": "None",
			"value": "5gp",
			"weight": "4",
			"dmg1": "1d6",
			"dmgType": "B",
			"source": "PHB",
			"page": "149"
		},
		{
			"name": "Maul",
			"type": "M",
			"weapon": true,
			"weaponCategory": "Martial",
			"rarity": "None",
			"value": "10gp",
			"weight": "10",
			"dmg1": "2d6",
			"dmgType": "B",
			"property": "H,2H",
			"source": "PHB",
			"page": "149"
		},
		{
			"name": "Morningstar",
			"type": "M",
			"weapon": true,
			"weaponCategory": "Martial",
			"rarity": "None",
			"value": "15gp",
			"weight": "4",
			"dmg1": "1d8",
			"dmgType": "P",
			"source": "PHB",
			"page": "149"
		},
		{
			"name": "Net",
			"type": "R",
			"weapon": true,
			"weaponCategory": "Martial",
			"rarity": "None",
			"value": "1gp",
			"weight": "3",
			"property": "S,T",
			"range": "5/15",
			"source": "PHB",
			"page": "149",
			"entries": [
				{
					"type": "entries",
					"name": "Special",
					"entries": [
						"A Large or smaller creature hit by a net is restrained until it is freed. A net has no effect on creatures that are formless, or creatures that are Huge or larger. A creature can use its action to make a DC 10 Strength check, freeing itself or another creature within its reach on a success. Dealing 5 slashing damage to the net (AC 10) also frees the creature without harming it, ending the effect and destroying the net. When you use an action, bonus action, or reaction to attack with a net, you can make only one attack regardless of the number of attacks you can normally make."
					]
				}
			]
		},
		{
			"name": "Pike",
			"rarity": "None",
			"type": "M",
			"weapon": true,
			"weaponCategory": "Martial",
			"value": "5gp",
			"weight": "18",
			"dmg1": "1d10",
			"dmgType": "P",
			"property": "H,R,2H",
			"source": "PHB",
			"page": "149"
		},
		{
			"name": "Quarterstaff",
			"type": "M",
			"technology": "Staff",
			"weapon": true,
			"weaponCategory": "Simple",
			"rarity": "None",
			"value": "2sp",
			"weight": "4",
			"dmg1": "1d6",
			"dmg2": "1d8",
			"dmgType": "B",
			"property": "V",
			"source": "PHB",
			"page": "149"
		},
		{
			"name": "Rapier",
			"type": "M",
			"weapon": true,
			"sword": true,
			"weaponCategory": "Martial",
			"rarity": "None",
			"value": "25gp",
			"weight": "2",
			"dmg1": "1d8",
			"dmgType": "P",
			"property": "F",
			"source": "PHB",
			"page": "149"
		},
		{
			"name": "Scimitar",
			"type": "M",
			"weapon": true,
			"sword": true,
			"weaponCategory": "Martial",
			"rarity": "None",
			"value": "25gp",
			"weight": "3",
			"dmg1": "1d6",
			"dmgType": "S",
			"property": "F,L",
			"source": "PHB",
			"page": "149"
		},
		{
			"name": "Shortbow",
			"type": "R",
			"weapon": true,
			"weaponCategory": "Simple",
			"rarity": "None",
			"value": "25gp",
			"weight": "2",
			"dmg1": "1d6",
			"dmgType": "P",
			"property": "A,2H",
			"range": "80/320",
			"source": "PHB",
			"page": "149"
		},
		{
			"name": "Shortsword",
			"type": "M",
			"weapon": true,
			"sword": true,
			"weaponCategory": "Martial",
			"rarity": "None",
			"value": "10gp",
			"weight": "2",
			"dmg1": "1d6",
			"dmgType": "P",
			"property": "F,L",
			"source": "PHB",
			"page": "149"
		},
		{
			"name": "Sickle",
			"type": "M",
			"weapon": true,
			"weaponCategory": "Simple",
			"rarity": "None",
			"value": "1gp",
			"weight": "2",
			"dmg1": "1d4",
			"dmgType": "S",
			"property": "L",
			"source": "PHB",
			"page": "149"
		},
		{
			"name": "Sling",
			"type": "R",
			"weapon": true,
			"weaponCategory": "Simple",
			"rarity": "None",
			"value": "1sp",
			"dmg1": "1d4",
			"dmgType": "B",
			"property": "A",
			"range": "30/120",
			"source": "PHB",
			"page": "149"
		},
		{
			"name": "Spear",
			"type": "M",
			"weapon": true,
			"weaponCategory": "Simple",
			"rarity": "None",
			"value": "1gp",
			"weight": "3",
			"dmg1": "1d6",
			"dmg2": "1d8",
			"dmgType": "P",
			"property": "T,V",
			"range": "20/60",
			"source": "PHB",
			"page": "149"
		},
		{
			"name": "Trident",
			"type": "M",
			"weapon": true,
			"weaponCategory": "Martial",
			"rarity": "None",
			"value": "5gp",
			"weight": "4",
			"dmg1": "1d6",
			"dmg2": "1d8",
			"dmgType": "P",
			"property": "T,V",
			"range": "20/60",
			"source": "PHB",
			"page": "149"
		},
		{
			"name": "War Pick",
			"type": "M",
			"weapon": true,
			"weaponCategory": "Martial",
			"rarity": "None",
			"value": "5gp",
			"weight": "2",
			"dmg1": "1d8",
			"dmgType": "P",
			"source": "PHB",
			"page": "149"
		},
		{
			"name": "Warhammer",
			"type": "M",
			"weapon": true,
			"weaponCategory": "Martial",
			"rarity": "None",
			"value": "15gp",
			"weight": "2",
			"dmg1": "1d8",
			"dmg2": "1d10",
			"dmgType": "B",
			"property": "V",
			"source": "PHB",
			"page": "149"
		},
		{
			"name": "Whip",
			"type": "M",
			"weapon": true,
			"weaponCategory": "Martial",
			"rarity": "None",
			"value": "2gp",
			"weight": "3",
			"dmg1": "1d4",
			"dmgType": "S",
			"property": "F,R",
			"source": "PHB",
			"page": "149"
		},
		{
			"name": "Yklwa",
			"type": "M",
			"weapon": true,
			"weaponCategory": "Simple",
			"rarity": "None",
			"value": "1gp",
			"weight": "3",
			"dmg1": "1d8",
			"dmgType": "P",
			"property": "T",
			"range": "10/30",
			"source": "ToA",
			"page": "32",
			"entries": [
				"A yklwa (pronounced YICK-ul-wah) is a simple melee weapon that is the traditional weapon of Chultan warriors. A yklwa consists of a 3-foot wooden shaft with a steel or stone blade up to 18 inches long. Although it has the thrown weapon property, the yklwa is not well balanced for throwing."
			]
		},
		{
			"name": "Pistol",
			"type": "R",
			"technology": "Firearm",
			"weapon": true,
			"weaponCategory": "Martial",
			"age": "Renaissance",
			"rarity": "None",
			"value": "250gp",
			"weight": "3",
			"dmg1": "1d10",
			"dmgType": "P",
			"property": "AF,LD",
			"range": "30/90",
			"source": "DMG",
			"page": "268"
		},
		{
			"name": "Musket",
			"type": "R",
			"technology": "Firearm",
			"weapon": true,
			"weaponCategory": "Martial",
			"age": "Renaissance",
			"rarity": "None",
			"value": "500gp",
			"weight": "10",
			"dmg1": "1d12",
			"dmgType": "P",
			"property": "AF,LD,2H",
			"range": "40/120",
			"source": "DMG",
			"page": "268"
		},
		{
			"name": "Automatic Pistol",
			"type": "R",
			"technology": "Firearm",
			"weapon": true,
			"weaponCategory": "Martial",
			"age": "Modern",
			"rarity": "None",
			"weight": "3",
			"dmg1": "2d6",
			"dmgType": "P",
			"property": "AF,RLD",
			"range": "50/150",
			"reload": "15",
			"source": "DMG",
			"page": "268"
		},
		{
			"name": "Revolver",
			"type": "R",
			"technology": "Firearm",
			"weapon": true,
			"weaponCategory": "Martial",
			"age": "Modern",
			"rarity": "None",
			"weight": "3",
			"dmg1": "2d8",
			"dmgType": "P",
			"property": "AF,RLD",
			"range": "40/120",
			"reload": "6",
			"source": "DMG",
			"page": "268"
		},
		{
			"name": "Hunting Rifle",
			"type": "R",
			"technology": "Firearm",
			"weapon": true,
			"weaponCategory": "Martial",
			"age": "Modern",
			"rarity": "None",
			"weight": "8",
			"dmg1": "2d10",
			"dmgType": "P",
			"property": "AF,RLD,2H",
			"range": "80/240",
			"reload": "5",
			"source": "DMG",
			"page": "268"
		},
		{
			"name": "Automatic Rifle",
			"type": "R",
			"technology": "Firearm",
			"weapon": true,
			"weaponCategory": "Martial",
			"age": "Modern",
			"rarity": "None",
			"weight": "8",
			"dmg1": "2d8",
			"dmgType": "P",
			"property": "AF,BF,RLD,2H",
			"range": "80/240",
			"reload": "30",
			"source": "DMG",
			"page": "268"
		},
		{
			"name": "Shotgun",
			"type": "R",
			"technology": "Firearm",
			"weapon": true,
			"weaponCategory": "Martial",
			"age": "Modern",
			"rarity": "None",
			"weight": "7",
			"dmg1": "2d8",
			"dmgType": "P",
			"property": "AF,RLD,2H",
			"range": "30/90",
			"reload": "2",
			"source": "DMG",
			"page": "268"
		},
		{
			"name": "Laser Pistol",
			"type": "R",
			"technology": "Firearm",
			"weapon": true,
			"weaponCategory": "Martial",
			"age": "Futuristic",
			"rarity": "None",
			"weight": "2",
			"dmg1": "3d6",
			"dmgType": "R",
			"property": "AF,RLD",
			"range": "30/120",
			"reload": "50",
			"source": "DMG",
			"page": "268"
		},
		{
			"name": "Antimatter Rifle",
			"type": "R",
			"technology": "Firearm",
			"weapon": true,
			"weaponCategory": "Martial",
			"age": "Futuristic",
			"rarity": "None",
			"weight": "10",
			"dmg1": "6d8",
			"dmgType": "N",
			"property": "AF,RLD,2H",
			"range": "120/360",
			"reload": "2",
			"source": "DMG",
			"page": "268"
		},
		{
			"name": "Laser Rifle",
			"type": "R",
			"technology": "Firearm",
			"weapon": true,
			"weaponCategory": "Martial",
			"age": "Futuristic",
			"rarity": "None",
			"weight": "7",
			"dmg1": "3d8",
			"dmgType": "R",
			"property": "AF,RLD,2H",
			"range": "100/300",
			"reload": "30",
			"source": "DMG",
			"page": "268"
		},
		{
			"name": "Arrow",
			"type": "A",
			"ammunition": true,
			"rarity": "None",
			"value": "5cp",
			"weight": "0.05",
			"source": "PHB",
			"page": "150"
		},
		{
			"name": "Arrows (20)",
			"type": "A",
			"ammunition": true,
			"rarity": "None",
			"value": "1gp",
			"weight": "1",
			"source": "PHB",
			"page": "150"
		},
		{
			"name": "Blowgun Needle",
			"type": "A",
			"ammunition": true,
			"rarity": "None",
			"value": "2cp",
			"weight": "0.02",
			"source": "PHB",
			"page": "150"
		},
		{
			"name": "Blowgun Needles (50)",
			"type": "A",
			"ammunition": true,
			"rarity": "None",
			"value": "1gp",
			"weight": "1",
			"source": "PHB",
			"page": "150"
		},
		{
			"name": "Crossbow Bolt",
			"type": "A",
			"ammunition": true,
			"rarity": "None",
			"value": "5cp",
			"weight": "0.075",
			"source": "PHB",
			"page": "150"
		},
		{
			"name": "Crossbow Bolts (20)",
			"type": "A",
			"ammunition": true,
			"rarity": "None",
			"value": "1gp",
			"weight": "1.5",
			"source": "PHB",
			"page": "150"
		},
		{
			"name": "Sling Bullet",
			"type": "A",
			"ammunition": true,
			"rarity": "None",
			"value": "0.2cp",
			"weight": "0.075",
			"source": "PHB",
			"page": "150"
		},
		{
			"name": "Sling Bullets (20)",
			"type": "A",
			"ammunition": true,
			"rarity": "None",
			"value": "4cp",
			"weight": "1.5",
			"source": "PHB",
			"page": "150"
		},
		{
			"name": "Renaissance Bullets (10)",
			"type": "AF",
			"ammunition": true,
			"age": "Renaissance",
			"rarity": "None",
			"value": "3gp",
			"weight": "2",
			"source": "DMG",
			"page": "268"
		},
		{
			"name": "Modern Bullets (10)",
			"type": "AF",
			"ammunition": true,
			"age": "Modern",
			"rarity": "None",
			"weight": "1",
			"source": "DMG",
			"page": "268"
		},
		{
			"name": "Energy Cell",
			"type": "AF",
			"ammunition": true,
			"age": "Futuristic",
			"rarity": "None",
			"weight": "0.3125",
			"source": "DMG",
			"page": "268"
		},
		{
			"name": "Breastplate",
			"type": "MA",
			"armor": true,
			"rarity": "None",
			"value": "400gp",
			"weight": "20",
			"ac": "14",
			"source": "PHB",
			"page": "145",
			"entries": [
				"This armor consists of a fitted metal chest piece worn with supple leather. Although it leaves the legs and arms relatively unprotected, this armor provides good protection for the wearer's vital organs while leaving the wearer relatively unencumbered."
			]
		},
		{
			"name": "Chain Mail",
			"type": "HA",
			"armor": true,
			"rarity": "None",
			"value": "75gp",
			"weight": "55",
			"ac": "16",
			"strength": "13",
			"stealth": true,
			"source": "PHB",
			"page": "145",
			"entries": [
				"Made of interlocking metal rings, chain mail includes a layer of quilted fabric worn underneath the mail to prevent chafing and to cushion the impact of blows. The suit includes gauntlets."
			]
		},
		{
			"name": "Chain Shirt",
			"type": "MA",
			"armor": true,
			"rarity": "None",
			"value": "50gp",
			"weight": "20",
			"ac": "13",
			"source": "PHB",
			"page": "144",
			"entries": [
				"Made of interlocking metal rings, a chain shirt is worn between layers of clothing or leather. This armor offers modest protection to the wearer's upper body and allows the sound of the rings rubbing against one another to be muffled by outer layers."
			]
		},
		{
			"name": "Half Plate Armor",
			"type": "MA",
			"armor": true,
			"rarity": "None",
			"value": "750gp",
			"weight": "40",
			"ac": "15",
			"stealth": true,
			"source": "PHB",
			"page": "145",
			"entries": [
				"Half plate consists of shaped metal plates that cover most of the wearer's body. It does not include leg protection beyond simple greaves that are attached with leather straps."
			]
		},
		{
			"name": "Hide Armor",
			"type": "MA",
			"armor": true,
			"rarity": "None",
			"value": "10gp",
			"weight": "12",
			"ac": "12",
			"source": "PHB",
			"page": "144",
			"entries": [
				"This crude armor consists of thick furs and pelts. It is commonly worn by barbarian tribes, evil humanoids, and other folk who lack access to the tools and materials needed to create better armor."
			]
		},
		{
			"name": "Leather Armor",
			"type": "LA",
			"armor": true,
			"rarity": "None",
			"value": "10gp",
			"weight": "10",
			"ac": "11",
			"source": "PHB",
			"page": "144",
			"entries": [
				"The breastplate and shoulder protectors of this armor are made of leather that has been stiffened by being boiled in oil. The rest of the armor is made of softer and more flexible materials."
			]
		},
		{
			"name": "Padded Armor",
			"type": "LA",
			"armor": true,
			"rarity": "None",
			"value": "5gp",
			"weight": "8",
			"ac": "11",
			"stealth": true,
			"source": "PHB",
			"page": "144",
			"entries": [
				"Padded armor consists of quilted layers of cloth and batting."
			]
		},
		{
			"name": "Plate Armor",
			"type": "HA",
			"armor": true,
			"rarity": "None",
			"value": "1500gp",
			"weight": "65",
			"ac": "18",
			"strength": "15",
			"stealth": true,
			"source": "PHB",
			"page": "145",
			"entries": [
				"Plate consists of shaped, interlocking metal plates to cover the entire body. A suit of plate includes gauntlets, heavy leather boots, a visored helmet, and thick layers of padding underneath the armor. Buckles and straps distribute the weight over the body."
			]
		},
		{
			"name": "Ring Mail",
			"type": "HA",
			"armor": true,
			"rarity": "None",
			"value": "30gp",
			"weight": "40",
			"ac": "14",
			"stealth": true,
			"source": "PHB",
			"page": "145",
			"entries": [
				"This armor is leather armor with heavy rings sewn into it. The rings help reinforce the armor against blows from swords and axes. Ring mail is inferior to chain mail, and it's usually worn only by those who can't afford better armor."
			]
		},
		{
			"name": "Scale Mail",
			"type": "MA",
			"armor": true,
			"rarity": "None",
			"value": "50gp",
			"weight": "45",
			"ac": "14",
			"stealth": true,
			"source": "PHB",
			"page": "144",
			"entries": [
				"This armor consists of a coat and leggings (and perhaps a separate skirt) of leather covered with overlapping pieces of metal, much like the scales of a fish. The suit includes gauntlets."
			]
		},
		{
			"name": "Spiked Armor",
			"type": "MA",
			"armor": true,
			"value": "75gp",
			"weight": "45",
			"ac": "14",
			"stealth": true,
			"rarity": "Rare",
			"source": "SCAG",
			"page": "121",
			"entries": [
				"Spiked armor is a rare type of medium armor made by dwarves. It consists of a leather coat and leggings covered with spikes that are usually made of metal.",
				"Cost: 75 gp"
			]
		},
		{
			"name": "Splint Armor",
			"type": "HA",
			"armor": true,
			"rarity": "None",
			"value": "200gp",
			"weight": "60",
			"ac": "17",
			"strength": "15",
			"stealth": true,
			"source": "PHB",
			"page": "145",
			"entries": [
				"This armor is made of narrow vertical strips of metal riveted to a backing of leather that is worn over cloth padding. Flexible chain mail protects the joints."
			]
		},
		{
			"name": "Studded Leather Armor",
			"type": "LA",
			"armor": true,
			"rarity": "None",
			"value": "45gp",
			"weight": "13",
			"ac": "12",
			"source": "PHB",
			"page": "144",
			"entries": [
				"Made from tough but flexible leather, studded leather is reinforced with close-set rivets or spikes."
			]
		},
		{
			"name": "Shield",
			"type": "S",
			"rarity": "None",
			"value": "10gp",
			"weight": "6",
			"ac": "2",
			"source": "PHB",
			"page": "144",
			"entries": [
				"A shield is made from wood or metal and is carried in one hand. Wielding a shield increases your Armor Class by 2. You can benefit from only one shield at a time."
			]
		}
	],
	"itemProperty": [
		{
			"abbreviation": "A",
			"source": "PHB",
			"page": "146",
			"entries": [
				{
					"type": "entries",
					"name": "Ammunition",
					"entries": [
						"You can use a weapon that has the ammunition property to make a ranged attack only if you have ammunition to fire from the weapon. Each time you attack with the weapon, you expend one piece of ammunition. Drawing the ammunition from a quiver, case, or other container is part of the attack. Loading a one-handed weapon requires a free hand. At the end of the battle, you can recover half your expended ammunition by taking a minute to search the battlefield."
					]
				},
				"If you use a weapon that has the ammunition property to make a melee attack, you treat the weapon as an improvised weapon. A sling must be loaded to deal any damage when used in this way."
			]
		},
		{
			"abbreviation": "AF",
			"source": "DMG",
			"page": "267",
			"entries": [
				{
					"type": "entries",
					"name": "Ammunition",
					"entries": [
						"You can use a weapon that has the ammunition property to make a ranged attack only if you have ammunition to fire from the weapon. Each time you attack with the weapon, you expend one piece of ammunition. Drawing the ammunition from a quiver, case, or other container is part of the attack. Loading a one-handed weapon requires a free hand. The ammunition of a firearm is destroyed upon use."
					]
				},
				"If you use a weapon that has the ammunition property to make a melee attack, you treat the weapon as an improvised weapon. A sling must be loaded to deal any damage when used in this way."
			]
		},
		{
			"abbreviation": "BF",
			"source": "DMG",
			"page": "267",
			"entries": [
				{
					"type": "entries",
					"name": "Burst Fire",
					"entries": [
						"A weapon that has the burst fire property can make a single-target attack, or it can spray a 10-foot-cube area within normal range with shots. Each creature in the area must succeed on a DC 15 Dexterity saving throw or take the weapon's normal damage. This action uses ten pieces of ammunition."
					]
				}
			]
		},
		{
			"abbreviation": "F",
			"source": "PHB",
			"page": "147",
			"entries": [
				{
					"type": "entries",
					"name": "Finesse",
					"entries": [
						"When making an attack with a finesse weapon, you use your choice of your Strength or Dexterity modifier for the attack and damage rolls. You must use the same modifier for both rolls."
					]
				}
			]
		},
		{
			"abbreviation": "H",
			"source": "PHB",
			"page": "147",
			"entries": [
				{
					"type": "entries",
					"name": "Heavy",
					"entries": [
						"Small creatures have disadvantage on attack rolls with heavy weapons. A heavy weapon's size and bulk make it too large for a Small creature to use effectively."
					]
				}
			]
		},
		{
			"abbreviation": "L",
			"source": "PHB",
			"page": "147",
			"entries": [
				{
					"type": "entries",
					"name": "Light",
					"entries": [
						"A light weapon is small and easy to handle, making it ideal for use when fighting with two weapons."
					]
				}
			]
		},
		{
			"abbreviation": "LD",
			"source": "PHB",
			"page": "147",
			"entries": [
				{
					"type": "entries",
					"name": "Loading",
					"entries": [
						"Because of the time required to load this weapon, you can fire only one piece of ammunition from it when you use an action, bonus action, or reaction to fire it, regardless of the number of attacks you can normally make."
					]
				}
			]
		},
		{
			"abbreviation": "R",
			"source": "PHB",
			"page": "147",
			"entries": [
				{
					"type": "entries",
					"name": "Reach",
					"entries": [
						"This weapon adds 5 feet to your reach when you attack with it. This property also determines your reach for opportunity attacks with a reach weapon."
					]
				}
			]
		},
		{
			"abbreviation": "RLD",
			"source": "DMG",
			"page": "267",
			"entries": [
				{
					"type": "entries",
					"name": "Reload",
					"entries": [
						"A limited number of shots can be made with a weapon that has the reload property. A character must then reload it using an action or a bonus action (the character's choice)."
					]
				}
			]
		},
		{
			"abbreviation": "S",
			"source": "PHB",
			"page": "147",
			"name": "special"
		},
		{
			"abbreviation": "T",
			"source": "PHB",
			"page": "147",
			"entries": [
				{
					"type": "entries",
					"name": "Thrown",
					"entries": [
						"If a weapon has the thrown property, you can throw the weapon to make a ranged attack. If the weapon is a melee weapon, you use the same ability modifier for that attack roll and damage roll that you would use for a melee attack with the weapon. For example, if you throw a handaxe, you use your Strength, but if you throw a dagger, you can use either your Strength or your Dexterity, since the dagger has the finesse property."
					]
				}
			]
		},
		{
			"abbreviation": "2H",
			"source": "PHB",
			"page": "147",
			"entries": [
				{
					"type": "entries",
					"name": "Two-Handed",
					"entries": [
						"This weapon requires two hands to use. This property is relevant only when you attack with the weapon, not when you simply hold it."
					]
				}
			]
		},
		{
			"abbreviation": "V",
			"source": "PHB",
			"page": "147",
			"entries": [
				{
					"type": "entries",
					"name": "Versatile",
					"entries": [
						"This weapon can be used with one or two hands. A damage value in parentheses appears with the property \u2014 the damage when the weapon is used with two hands to make a melee attack."
					]
				}
			]
		}
	],
	"itemType": [
		{
			"abbreviation": "A",
			"source": "PHB",
			"page": "146",
			"entries": [
				{
					"type": "entries",
					"name": "Ammunition",
					"entries": [
						"You can use a weapon that has the ammunition property to make a ranged attack only if you have ammunition to fire from the weapon. Each time you attack with the weapon, you expend one piece of ammunition. Drawing the ammunition from a quiver, case, or other container is part of the attack. Loading a one-handed weapon requires a free hand. At the end of the battle, you can recover half your expended ammunition by taking a minute to search the battlefield."
					]
				},
				"If you use a weapon that has the ammunition property to make a melee attack, you treat the weapon as an improvised weapon. A sling must be loaded to deal any damage when used in this way."
			]
		},
		{
			"abbreviation": "AF",
			"source": "DMG",
			"page": "267",
			"entries": [
				{
					"type": "entries",
					"name": "Ammunition",
					"entries": [
						"You can use a weapon that has the ammunition property to make a ranged attack only if you have ammunition to fire from the weapon. Each time you attack with the weapon, you expend one piece of ammunition. Drawing the ammunition from a quiver, case, or other container is part of the attack. Loading a one-handed weapon requires a free hand. The ammunition of a firearm is destroyed upon use."
					]
				},
				"If you use a weapon that has the ammunition property to make a melee attack, you treat the weapon as an improvised weapon. A sling must be loaded to deal any damage when used in this way."
			]
		},
		{
			"abbreviation": "AT",
			"source": "PHB",
			"page": "154",
			"name": "Artisan Tools",
			"entries": [
				"These special tools include the items needed to pursue a craft or trade. Proficiency with a set of artisan's tools lets you add your proficiency bonus to any ability checks you make using the tools in your craft. Each type of artisan's tools requires a separate proficiency."
			]
		},
		{
			"abbreviation": "GS",
			"source": "PHB",
			"page": "154",
			"name": "Gaming Set",
			"entries": [
				"If you are proficient with a gaming set, you can add your proficiency bonus to ability checks you make to play a game with that set. Each type of gaming set requires a separate proficiency."
			]
		},
		{
			"abbreviation": "INS",
			"source": "PHB",
			"page": "154",
			"name": "Instrument",
			"entries": [
				"If you have proficiency with a given musical instrument, you can add your proficiency bonus to any ability checks you make to play music with the instrument.",
				"A bard can use a musical instrument as a spellcasting focus, substituting it for any material component that does not list a cost.",
				"Each type of musical instrument requires a separate proficiency."
			]
		},
		{
			"abbreviation": "R",
			"source": "PHB",
			"page": "146",
			"entries": [
				{
					"type": "entries",
					"name": "Range",
					"entries": [
						"A weapon that can be used to make a ranged attack has a range shown in parentheses after the ammunition or thrown property. The range lists two numbers. The first is the weapon's normal range in feet, and the second indicates the weapon's maximum range. When attacking a target beyond normal range, you have disadvantage on the attack roll. You can't attack a target beyond the weapon's long range."
					]
				}
			]
		},
		{
			"abbreviation": "TG",
			"source": "PHB",
			"page": "146",
			"name": "Trade Good",
			"entries": [
				"Most wealth is not in coins. It is measured in livestock, grain, land, rights to collect taxes, or rights to resources (such as a mine or a forest).",
				"Guilds, nobles, and royalty regulate trade. Chartered companies are granted rights to conduct trade along certain routes, to send merchant ships to various ports, or to buy or sell specific goods. Guilds set prices for the goods or services that they control, and determine who may or may not offer those goods and services. Merchants commonly exchange trade goods without using currency."
			]
		}
	]
}
