{
	"individual": [
		{
			"name": "Challenge 0-4",
			"mincr": 0,
			"maxcr": 4,
			"table": [
				{
					"min": 1,
					"max": 30,
					"coins":
					{
						"cp": "5d6"
					}
				},
				{
					"min": 31,
					"max": 60,
					"coins":
					{
						"sp": "4d6"
					}
				},
				{
					"min": 61,
					"max": 70,
					"coins":
					{
						"ep": "3d6"
					}
				},
				{
					"min": 71,
					"max": 95,
					"coins":
					{
						"gp": "3d6"
					}
				},
				{
					"min": 96,
					"max": 100,
					"coins":
					{
						"pp": "1d6"
					}
				}
			]
		},
		{
			"name": "Challenge 5-10",
			"mincr": 5,
			"maxcr": 10,
			"table": [
				{
					"min": 1,
					"max": 30,
					"coins":
					{
						"cp": "4d6*100",
						"ep": "1d6*10"
					}
				},
				{
					"min": 31,
					"max": 60,
					"coins":
					{
						"sp": "6d6*10",
						"gp": "2d6*10"
					}
				},
				{
					"min": 61,
					"max": 70,
					"coins":
					{
						"ep": "3d6*10",
						"gp": "2d6*10"
					}
				},
				{
					"min": 71,
					"max": 95,
					"coins":
					{
						"gp": "4d6*10"
					}
				},
				{
					"min": 96,
					"max": 100,
					"coins":
					{
						"gp": "2d6*10",
						"pp": "3d6"
					}
				}
			]
		},
		{
			"name": "Challenge 11-16",
			"mincr": 11,
			"maxcr": 16,
			"table": [
				{
					"min": 1,
					"max": 20,
					"coins":
					{
						"sp": "4d6*100",
						"gp": "1d6*100"
					}
				},
				{
					"min": 21,
					"max": 35,
					"coins":
					{
						"ep": "1d6*100",
						"gp": "1d6*100"
					}
				},
				{
					"min": 36,
					"max": 75,
					"coins":
					{
						"gp": "2d6*100",
						"pp": "1d6*10"
					}
				},
				{
					"min": 76,
					"max": 100,
					"coins":
					{
						"gp": "2d6*100",
						"pp": "2d6*10"
					}
				}
			]
		},
		{
			"name": "Challenge 17+",
			"mincr": 17,
			"maxcr": 30,
			"table": [
				{
					"min": 1,
					"max": 15,
					"coins":
					{
						"ep": "2d6*1000",
						"pp": "8d6*100"
					}
				},
				{
					"min": 16,
					"max": 55,
					"coins":
					{
						"gp": "1d6*1000",
						"pp": "1d6*100"
					}
				},
				{
					"min": 56,
					"max": 100,
					"coins":
					{
						"gp": "1d6*1000",
						"pp": "2d6*100"
					}
				}
			]
		}
	],
	"hoard": [
		{
			"name": "Challenge 0-4",
			"mincr": 0,
			"maxcr": 4,
			"coins":
			{
				"cp": "6d6*100",
				"sp": "3d6*100",
				"gp": "2d6*10"
			},
			"table": [
				{
					"min": 1,
					"max": 6
				},
				{
					"min": 7,
					"max": 16,
					"gems":
					{
						"type": "10",
						"amount": "2d6"
					}
				},
				{
					"min": 17,
					"max": 26,
					"artobjects":
					{
						"type": "25",
						"amount": "2d4"
					}
				},
				{
					"min": 27,
					"max": 36,
					"gems":
					{
						"type": "50",
						"amount": "2d6"
					}
				},
				{
					"min": 37,
					"max": 44,
					"gems":
					{
						"type": "10",
						"amount": "2d6"
					},
					"magicitems":
					{
						"type": "A",
						"amount": "1d6"
					}
				},
				{
					"min": 45,
					"max": 52,
					"artobjects":
					{
						"type": "25",
						"amount": "2d4"
					},
					"magicitems":
					{
						"type": "A",
						"amount": "1d6"
					}
				},
				{
					"min": 53,
					"max": 60,
					"gems":
					{
						"type": "50",
						"amount": "2d6"
					},
					"magicitems":
					{
						"type": "A",
						"amount": "1d6"
					}
				},
				{
					"min": 61,
					"max": 65,
					"gems":
					{
						"type": "10",
						"amount": "2d6"
					},
					"magicitems":
					{
						"type": "B",
						"amount": "1d4"
					}
				},
				{
					"min": 66,
					"max": 70,
					"artobjects":
					{
						"type": "25",
						"amount": "2d4"
					},
					"magicitems":
					{
						"type": "B",
						"amount": "1d4"
					}
				},
				{
					"min": 71,
					"max": 75,
					"gems":
					{
						"type": "50",
						"amount": "2d6"
					},
					"magicitems":
					{
						"type": "B",
						"amount": "1d4"
					}
				},
				{
					"min": 76,
					"max": 78,
					"gems":
					{
						"type": "10",
						"amount": "2d6"
					},
					"magicitems":
					{
						"type": "C",
						"amount": "1d4"
					}
				},
				{
					"min": 79,
					"max": 80,
					"artobjects":
					{
						"type": "25",
						"amount": "2d4"
					},
					"magicitems":
					{
						"type": "C",
						"amount": "1d4"
					}
				},
				{
					"min": 81,
					"max": 85,
					"gems":
					{
						"type": "50",
						"amount": "2d6"
					},
					"magicitems":
					{
						"type": "C",
						"amount": "1d4"
					}
				},
				{
					"min": 86,
					"max": 92,
					"artobjects":
					{
						"type": "25",
						"amount": "2d4"
					},
					"magicitems":
					{
						"type": "F",
						"amount": "1d4"
					}
				},
				{
					"min": 93,
					"max": 97,
					"gems":
					{
						"type": "50",
						"amount": "2d6"
					},
					"magicitems":
					{
						"type": "F",
						"amount": "1d4"
					}
				},
				{
					"min": 98,
					"max": 99,
					"artobjects":
					{
						"type": "25",
						"amount": "2d4"
					},
					"magicitems":
					{
						"type": "G",
						"amount": "1d1"
					}
				},
				{
					"min": 100,
					"max": 100,
					"gems":
					{
						"type": "50",
						"amount": "2d6"
					},
					"magicitems":
					{
						"type": "G",
						"amount": "1d1"
					}
				}

			]
		},
		{
			"name": "Challenge 5-10",
			"mincr": 5,
			"maxcr": 10,
			"coins":
			{
				"cp": "2d6*100",
				"sp": "2d6*1000",
				"gp": "6d6*100",
				"pp": "3d6*10"
			},
			"table": [
				{
					"min": 1,
					"max": 4
				},
				{
					"min": 5,
					"max": 10,
					"artobjects":
					{
						"type": "25",
						"amount": "2d4"
					}
				},
				{
					"min": 11,
					"max": 16,
					"gems":
					{
						"type": "50",
						"amount": "3d6"
					}
				},
				{
					"min": 17,
					"max": 22,
					"gems":
					{
						"type": "100",
						"amount": "3d6"
					}
				},
				{
					"min": 23,
					"max": 28,
					"artobjects":
					{
						"type": "250",
						"amount": "2d4"
					}
				},
				{
					"min": 29,
					"max": 32,
					"artobjects":
					{
						"type": "25",
						"amount": "2d4"
					},
					"magicitems":
					{
						"type": "A",
						"amount": "1d6"
					}
				},
				{
					"min": 33,
					"max": 36,
					"gems":
					{
						"type": "50",
						"amount": "3d6"
					},
					"magicitems":
					{
						"type": "A",
						"amount": "1d6"
					}
				},
				{
					"min": 37,
					"max": 40,
					"gems":
					{
						"type": "100",
						"amount": "3d6"
					},
					"magicitems":
					{
						"type": "A",
						"amount": "1d6"
					}
				},
				{
					"min": 41,
					"max": 44,
					"artobjects":
					{
						"type": "250",
						"amount": "2d4"
					},
					"magicitems":
					{
						"type": "A",
						"amount": "1d6"
					}
				},
				{
					"min": 45,
					"max": 49,
					"artobjects":
					{
						"type": "25",
						"amount": "2d4"
					},
					"magicitems":
					{
						"type": "B",
						"amount": "1d4"
					}
				},
				{
					"min": 50,
					"max": 54,
					"gems":
					{
						"type": "50",
						"amount": "3d6"
					},
					"magicitems":
					{
						"type": "B",
						"amount": "1d4"
					}
				},
				{
					"min": 55,
					"max": 59,
					"gems":
					{
						"type": "100",
						"amount": "3d6"
					},
					"magicitems":
					{
						"type": "B",
						"amount": "1d4"
					}
				},
				{
					"min": 60,
					"max": 63,
					"artobjects":
					{
						"type": "250",
						"amount": "2d4"
					},
					"magicitems":
					{
						"type": "B",
						"amount": "1d4"
					}
				},
				{
					"min": 64,
					"max": 66,
					"artobjects":
					{
						"type": "25",
						"amount": "2d4"
					},
					"magicitems":
					{
						"type": "C",
						"amount": "1d4"
					}
				},
				{
					"min": 67,
					"max": 69,
					"gems":
					{
						"type": "50",
						"amount": "3d6"
					},
					"magicitems":
					{
						"type": "C",
						"amount": "1d4"
					}
				},
				{
					"min": 70,
					"max": 72,
					"gems":
					{
						"type": "100",
						"amount": "3d6"
					},
					"magicitems":
					{
						"type": "C",
						"amount": "1d4"
					}
				},
				{
					"min": 73,
					"max": 74,
					"artobjects":
					{
						"type": "250",
						"amount": "2d4"
					},
					"magicitems":
					{
						"type": "C",
						"amount": "1d4"
					}
				},
				{
					"min": 75,
					"max": 76,
					"artobjects":
					{
						"type": "25",
						"amount": "2d4"
					},
					"magicitems":
					{
						"type": "D",
						"amount": "1d1"
					}
				},
				{
					"min": 77,
					"max": 78,
					"gems":
					{
						"type": "50",
						"amount": "3d6"
					},
					"magicitems":
					{
						"type": "D",
						"amount": "1d1"
					}
				},
				{
					"min": 79,
					"max": 79,
					"gems":
					{
						"type": "100",
						"amount": "3d6"
					},
					"magicitems":
					{
						"type": "D",
						"amount": "1d1"
					}
				},
				{
					"min": 80,
					"max": 80,
					"artobjects":
					{
						"type": "250",
						"amount": "2d4"
					},
					"magicitems":
					{
						"type": "D",
						"amount": "1d1"
					}
				},
				{
					"min": 81,
					"max": 84,
					"artobjects":
					{
						"type": "25",
						"amount": "2d4"
					},
					"magicitems":
					{
						"type": "F",
						"amount": "1d4"
					}
				},
				{
					"min": 85,
					"max": 88,
					"gems":
					{
						"type": "50",
						"amount": "3d6"
					},
					"magicitems":
					{
						"type": "F",
						"amount": "1d4"
					}
				},
				{
					"min": 89,
					"max": 91,
					"gems":
					{
						"type": "100",
						"amount": "3d6"
					},
					"magicitems":
					{
						"type": "F",
						"amount": "1d4"
					}
				},
				{
					"min": 92,
					"max": 94,
					"artobjects":
					{
						"type": "250",
						"amount": "2d4"
					},
					"magicitems":
					{
						"type": "F",
						"amount": "1d4"
					}
				},
				{
					"min": 95,
					"max": 96,
					"gems":
					{
						"type": "100",
						"amount": "3d6"
					},
					"magicitems":
					{
						"type": "G",
						"amount": "1d4"
					}
				},
				{
					"min": 97,
					"max": 98,
					"artobjects":
					{
						"type": "250",
						"amount": "2d4"
					},
					"magicitems":
					{
						"type": "G",
						"amount": "1d4"
					}
				},
				{
					"min": 99,
					"max": 99,
					"gems":
					{
						"type": "100",
						"amount": "3d6"
					},
					"magicitems":
					{
						"type": "H",
						"amount": "1d1"
					}
				},
				{
					"min": 100,
					"max": 100,
					"artobjects":
					{
						"type": "250",
						"amount": "2d4"
					},
					"magicitems":
					{
						"type": "H",
						"amount": "1d1"
					}
				}
			]
		},
		{
			"name": "Challenge 11-16",
			"mincr": 11,
			"maxcr": 16,
			"coins":
			{
				"gp": "4d6*1000",
				"pp": "5d6*100"
			},
			"table": [
				{
					"min": 1,
					"max": 3
				},
				{
					"min": 4,
					"max": 6,
					"artobjects":
					{
						"type": "250",
						"amount": "2d4"
					}
				},
				{
					"min": 7,
					"max": 9,
					"artobjects":
					{
						"type": "750",
						"amount": "2d4"
					}
				},
				{
					"min": 10,
					"max": 12,
					"gems":
					{
						"type": "500",
						"amount": "3d6"
					}
				},
				{
					"min": 13,
					"max": 15,
					"gems":
					{
						"type": "1000",
						"amount": "3d6"
					}
				},
				{
					"min": 16,
					"max": 19,
					"artobjects":
					{
						"type": "250",
						"amount": "2d4"
					},
					"magicitems":
					{
						"type": "A,B",
						"amount": "1d4,1d6"
					}
				},
				{
					"min": 20,
					"max": 23,
					"artobjects":
					{
						"type": "750",
						"amount": "2d4"
					},
					"magicitems":
					{
						"type": "A,B",
						"amount": "1d4,1d6"
					}
				},
				{
					"min": 24,
					"max": 26,
					"gems":
					{
						"type": "500",
						"amount": "3d6"
					},
					"magicitems":
					{
						"type": "A,B",
						"amount": "1d4,1d6"
					}
				},
				{
					"min": 27,
					"max": 29,
					"gems":
					{
						"type": "1000",
						"amount": "3d6"
					},
					"magicitems":
					{
						"type": "A,B",
						"amount": "1d4,1d6"
					}
				},
				{
					"min": 30,
					"max": 35,
					"artobjects":
					{
						"type": "250",
						"amount": "2d4"
					},
					"magicitems":
					{
						"type": "C",
						"amount": "1d6"
					}
				},
				{
					"min": 36,
					"max": 40,
					"artobjects":
					{
						"type": "750",
						"amount": "2d4"
					},
					"magicitems":
					{
						"type": "C",
						"amount": "1d6"
					}
				},
				{
					"min": 41,
					"max": 45,
					"gems":
					{
						"type": "500",
						"amount": "3d6"
					},
					"magicitems":
					{
						"type": "C",
						"amount": "1d6"
					}
				},
				{
					"min": 46,
					"max": 50,
					"gems":
					{
						"type": "1000",
						"amount": "3d6"
					},
					"magicitems":
					{
						"type": "C",
						"amount": "1d6"
					}
				},
				{
					"min": 51,
					"max": 54,
					"artobjects":
					{
						"type": "250",
						"amount": "2d4"
					},
					"magicitems":
					{
						"type": "D",
						"amount": "1d4"
					}
				},
				{
					"min": 55,
					"max": 58,
					"artobjects":
					{
						"type": "750",
						"amount": "2d4"
					},
					"magicitems":
					{
						"type": "D",
						"amount": "1d4"
					}
				},
				{
					"min": 59,
					"max": 62,
					"gems":
					{
						"type": "500",
						"amount": "3d6"
					},
					"magicitems":
					{
						"type": "D",
						"amount": "1d4"
					}
				},
				{
					"min": 63,
					"max": 66,
					"gems":
					{
						"type": "1000",
						"amount": "3d6"
					},
					"magicitems":
					{
						"type": "D",
						"amount": "1d4"
					}
				},
				{
					"min": 67,
					"max": 68,
					"artobjects":
					{
						"type": "250",
						"amount": "2d4"
					},
					"magicitems":
					{
						"type": "E",
						"amount": "1d1"
					}
				},
				{
					"min": 69,
					"max": 70,
					"artobjects":
					{
						"type": "750",
						"amount": "2d4"
					},
					"magicitems":
					{
						"type": "E",
						"amount": "1d1"
					}
				},
				{
					"min": 71,
					"max": 72,
					"gems":
					{
						"type": "500",
						"amount": "3d6"
					},
					"magicitems":
					{
						"type": "E",
						"amount": "1d1"
					}
				},
				{
					"min": 73,
					"max": 74,
					"gems":
					{
						"type": "1000",
						"amount": "3d6"
					},
					"magicitems":
					{
						"type": "E",
						"amount": "1d1"
					}
				},
				{
					"min": 75,
					"max": 76,
					"artobjects":
					{
						"type": "250",
						"amount": "2d4"
					},
					"magicitems":
					{
						"type": "F,G",
						"amount": "1d1,1d4"
					}
				},
				{
					"min": 77,
					"max": 78,
					"artobjects":
					{
						"type": "750",
						"amount": "2d4"
					},
					"magicitems":
					{
						"type": "F,G",
						"amount": "1d1,1d4"
					}
				},
				{
					"min": 79,
					"max": 80,
					"gems":
					{
						"type": "500",
						"amount": "3d6"
					},
					"magicitems":
					{
						"type": "F,G",
						"amount": "1d1,1d4"
					}
				},
				{
					"min": 81,
					"max": 82,
					"gems":
					{
						"type": "1000",
						"amount": "3d6"
					},
					"magicitems":
					{
						"type": "F,G",
						"amount": "1d1,1d4"
					}
				},
				{
					"min": 83,
					"max": 85,
					"artobjects":
					{
						"type": "250",
						"amount": "2d4"
					},
					"magicitems":
					{
						"type": "H",
						"amount": "1d4"
					}
				},
				{
					"min": 86,
					"max": 88,
					"artobjects":
					{
						"type": "750",
						"amount": "2d4"
					},
					"magicitems":
					{
						"type": "H",
						"amount": "1d4"
					}
				},
				{
					"min": 89,
					"max": 90,
					"gems":
					{
						"type": "500",
						"amount": "3d6"
					},
					"magicitems":
					{
						"type": "H",
						"amount": "1d4"
					}
				},
				{
					"min": 91,
					"max": 92,
					"gems":
					{
						"type": "1000",
						"amount": "3d6"
					},
					"magicitems":
					{
						"type": "H",
						"amount": "1d4"
					}
				},
				{
					"min": 93,
					"max": 94,
					"artobjects":
					{
						"type": "250",
						"amount": "2d4"
					},
					"magicitems":
					{
						"type": "I",
						"amount": "1d1"
					}
				},
				{
					"min": 95,
					"max": 96,
					"artobjects":
					{
						"type": "750",
						"amount": "2d4"
					},
					"magicitems":
					{
						"type": "I",
						"amount": "1d1"
					}
				},
				{
					"min": 97,
					"max": 98,
					"gems":
					{
						"type": "500",
						"amount": "3d6"
					},
					"magicitems":
					{
						"type": "I",
						"amount": "1d1"
					}
				},
				{
					"min": 99,
					"max": 100,
					"gems":
					{
						"type": "1000",
						"amount": "3d6"
					},
					"magicitems":
					{
						"type": "I",
						"amount": "1d1"
					}
				}
			]
		},
		{
			"name": "Challenge 17+",
			"mincr": 17,
			"maxcr": 30,
			"coins":
			{
				"gp": "12d6*1000",
				"pp": "8d6*1000"
			},
			"table": [
				{
					"min": 1,
					"max": 2
				},
				{
					"min": 3,
					"max": 5,
					"gems":
					{
						"type": "1000",
						"amount": "3d6"
					},
					"magicitems":
					{
						"type": "C",
						"amount": "1d8"
					}
				},
				{
					"min": 6,
					"max": 8,
					"artobjects":
					{
						"type": "2500",
						"amount": "1d10"
					},
					"magicitems":
					{
						"type": "C",
						"amount": "1d8"
					}
				},
				{
					"min": 9,
					"max": 11,
					"artobjects":
					{
						"type": "7500",
						"amount": "1d4"
					},
					"magicitems":
					{
						"type": "C",
						"amount": "1d8"
					}
				},
				{
					"min": 12,
					"max": 14,
					"gems":
					{
						"type": "5000",
						"amount": "1d8"
					},
					"magicitems":
					{
						"type": "C",
						"amount": "1d8"
					}
				},
				{
					"min": 15,
					"max": 22,
					"gems":
					{
						"type": "1000",
						"amount": "3d6"
					},
					"magicitems":
					{
						"type": "D",
						"amount": "1d6"
					}
				},
				{
					"min": 23,
					"max": 30,
					"artobjects":
					{
						"type": "2500",
						"amount": "1d10"
					},
					"magicitems":
					{
						"type": "D",
						"amount": "1d6"
					}
				},
				{
					"min": 31,
					"max": 38,
					"artobjects":
					{
						"type": "7500",
						"amount": "1d4"
					},
					"magicitems":
					{
						"type": "D",
						"amount": "1d6"
					}
				},
				{
					"min": 39,
					"max": 46,
					"gems":
					{
						"type": "5000",
						"amount": "1d8"
					},
					"magicitems":
					{
						"type": "D",
						"amount": "1d6"
					}
				},
				{
					"min": 47,
					"max": 52,
					"gems":
					{
						"type": "1000",
						"amount": "3d6"
					},
					"magicitems":
					{
						"type": "E",
						"amount": "1d6"
					}
				},
				{
					"min": 53,
					"max": 58,
					"artobjects":
					{
						"type": "2500",
						"amount": "1d10"
					},
					"magicitems":
					{
						"type": "E",
						"amount": "1d6"
					}
				},
				{
					"min": 59,
					"max": 63,
					"artobjects":
					{
						"type": "7500",
						"amount": "1d4"
					},
					"magicitems":
					{
						"type": "E",
						"amount": "1d6"
					}
				},
				{
					"min": 64,
					"max": 68,
					"gems":
					{
						"type": "5000",
						"amount": "1d8"
					},
					"magicitems":
					{
						"type": "E",
						"amount": "1d6"
					}
				},
				{
					"min": 69,
					"max": 69,
					"gems":
					{
						"type": "1000",
						"amount": "3d6"
					},
					"magicitems":
					{
						"type": "G",
						"amount": "1d4"
					}
				},
				{
					"min": 70,
					"max": 70,
					"artobjects":
					{
						"type": "7500",
						"amount": "1d10"
					},
					"magicitems":
					{
						"type": "G",
						"amount": "1d4"
					}
				},
				{
					"min": 71,
					"max": 71,
					"artobjects":
					{
						"type": "7500",
						"amount": "1d4"
					},
					"magicitems":
					{
						"type": "G",
						"amount": "1d4"
					}
				},
				{
					"min": 72,
					"max": 72,
					"gems":
					{
						"type": "5000",
						"amount": "1d8"
					},
					"magicitems":
					{
						"type": "G",
						"amount": "1d4"
					}
				},
				{
					"min": 73,
					"max": 74,
					"gems":
					{
						"type": "1000",
						"amount": "3d6"
					},
					"magicitems":
					{
						"type": "H",
						"amount": "1d4"
					}
				},
				{
					"min": 75,
					"max": 76,
					"artobjects":
					{
						"type": "2500",
						"amount": "1d10"
					},
					"magicitems":
					{
						"type": "H",
						"amount": "1d4"
					}
				},
				{
					"min": 77,
					"max": 78,
					"artobjects":
					{
						"type": "7500",
						"amount": "1d4"
					},
					"magicitems":
					{
						"type": "H",
						"amount": "1d4"
					}
				},
				{
					"min": 79,
					"max": 80,
					"gems":
					{
						"type": "5000",
						"amount": "1d8"
					},
					"magicitems":
					{
						"type": "H",
						"amount": "1d4"
					}
				},
				{
					"min": 81,
					"max": 85,
					"gems":
					{
						"type": "1000",
						"amount": "3d6"
					},
					"magicitems":
					{
						"type": "I",
						"amount": "1d4"
					}
				},
				{
					"min": 86,
					"max": 90,
					"artobjects":
					{
						"type": "2500",
						"amount": "1d10"
					},
					"magicitems":
					{
						"type": "I",
						"amount": "1d4"
					}
				},
				{
					"min": 91,
					"max": 95,
					"artobjects":
					{
						"type": "7500",
						"amount": "1d4"
					},
					"magicitems":
					{
						"type": "I",
						"amount": "1d4"
					}
				},
				{
					"min": 96,
					"max": 100,
					"gems":
					{
						"type": "1000",
						"amount": "3d6"
					},
					"magicitems":
					{
						"type": "I",
						"amount": "1d4"
					}
				}
			]
		}
	],
	"gemstones": [
		{
			"name": "10 gp Gemstones",
			"type": "10",
			"table": [
				"Azurite (opaque bottled deep blue)",
				"Banded agate (translucent striped brown, blue, white, or red)",
				"Blue quartz (transparent pale blue)",
				"Eye agate (translucent circles of gray, white brown, blue, or green)",
				"Hematite (opaque gray-black)",
				"Lapis lazuli (opaque light and dark blue with yellow flecks)",
				"Malachite (opaque striated light and dark green)",
				"Moss agate (translucent pink or yellow-white with mossy gray or green markings)",
				"Obsidian (opaque black)",
				"Rhodochrosite (opaque light pink)",
				"Tiger eye (translucent brown with golden center)",
				"Turquoise (opaque light blue-green)"
			]
		},
		{
			"name": "50 gp Gemstones",
			"type": "50",
			"table": [
				"Bloodstone (opaque dark gray with red flecks)",
				"Carnelian (opaque orange to red-brown)",
				"Chalcedony (opaque white)",
				"Chrysoprase (translucent green)",
				"Citrine (transparent pale yellow-brown)",
				"Jasper (opaque blue, black, or brown)",
				"Moonstone (translucent white with pale blue glow)",
				"Onyx (opaque bands of black and white, or pure black or white)",
				"Quartz (transparent white, smoky gray, or yellow)",
				"Sardonyx (opaque bands of red and white)",
				"Star rose quartz (translucent rosy stone with white star-shaped center)",
				"Zircon (transparent pale blue-green)"
			]
		},
		{
			"name": "100 gp Gemstones",
			"type": "100",
			"table": [
				"Amber (transparent watery gold to rich gold)",
				"Amethyst (transparent deep purple)",
				"Chrysoberyl (transparent yellow-green to pale green)",
				"Coral (opaque crimson)",
				"Garnet (transparent red, brown-green, or violet)",
				"Jade (translucent light green, deep green , or white)",
				"Jet (opaque deep black)",
				"Pearl (opaque lustrous white, yellow, or pink)",
				"Spinel (transparent red, red-brown, or deep green)",
				"Tourmaline (transparent pale green , blue, brown , or red)"
			]
		},
		{
			"name": "500 gp Gemstones",
			"type": "500",
			"table": [
				"Alexandrite (transparent dark green)",
				"Aquamarine (transparent pale blue-green)",
				"Black pearl (opaque pure black)",
				"Blue spinel (transparent deep blue)",
				"Peridot (transparent rich olive green)",
				"Topaz (transparent golden yellow)"
			]
		},
		{
			"name": "1,000 gp Gemstones",
			"type": "1000",
			"table": [
				"Black opal (translucent dark green with black mottling and golden flecks)",
				"Blue sapphire (transparent blue-white to medium blue)",
				"Emerald (transparent deep bright green)",
				"Fire opal (translucent fiery red)",
				"Opal (translucent pale blue with green and golden mottling)",
				"Star ruby (translucent ruby with white star-shaped center)",
				"Star sapphire (translucent blue sapphire with white star-shaped center)",
				"Yellow sapphire (transparent fiery yellow or yellow· green)"
			]
		},
		{
			"name": "5,000 gp Gemstones",
			"type": "5000",
			"table": [
				"Black sapphire (translucent lustrous black with glowing highlights)",
				"Diamond (transparent blue-white, canary, pink, brown, or blue)",
				"Jacinth (transparent fiery orange)",
				"Ruby (transparent clear red to deep crimson)"
			]
		}
	],
	"artobjects": [
		{
			"name": "25 gp Art Objects",
			"type": "25",
			"table": [
				"Silver ewer",
				"Carved bone statuette",
				"Small gold bracelet",
				"Cloth-of-gold vestments",
				"Black velvet mask stitched with silver thread",
				"Copper chalice with silver filigree",
				"Pair of engraved bone dice",
				"Small mirror set in a painted wooden frame",
				"Embroidered silk handkerchief",
				"Gold locket with a painted portrait inside"
			]
		},
		{
			"name": "250 gp Art Objects",
			"type": "250",
			"table": [
				"Gold ring set with bloodstones",
				"Carved ivory statuette",
				"Large gold bracelet",
				"Silver necklace with a gemstone pendant",
				"Bronze crown",
				"Silk robe with gold embroidery",
				"Large well-made tapestry",
				"Brass mug with jade inlay",
				"Box of turquoise animal figurines",
				"Gold bird cage with electrum filigree"
			]
		},
		{
			"name": "750 gp Art Objects",
			"type": "750",
			"table": [
				"Silver chalice set with moonstones",
				"Silver-plated steel longsword with jet set in hilt",
				"Carved harp of exotic wood with ivory inlay and zircon gems",
				"Small gold idol",
				"Gold dragon comb set with red garnets as eyes",
				"Bottle stopper cork embossed with gold leaf and",
				"set with amethysts",
				"Ceremonial electrum dagger with a black pearl in the pommel",
				"Silver and gold brooch",
				"Obsidian statuette with gold fittings and inlay",
				"Painted gold war mask"
			]
		},
		{
			"name": "2,500 gp Art Objects",
			"type": "2500",
			"table": [
				"Fine gold chain set with a fire opal",
				"Old masterpiece painting",
				"Embroidered silk and velvet mantle set with numerous moonstones",
				"Platinum bracelet set with a sapphire",
				"Embroidered glove set with jewel chips jeweled anklet",
				"Gold music box",
				"Gold circlet set with four aquamarines",
				"Eye patch with a mock eye set in blue sapphire and moonstone",
				"A necklace string of small pink pearls"
			]
		},
		{
			"name": "7,500 gp Art Objects",
			"type": "7500",
			"table": [
				"Jeweled gold crown",
				"Jeweled platinum ring",
				"Small gold statuette set with rubies",
				"Gold cup set with emeralds",
				"Gold jewelry box with platinum filigree",
				"Painted gold child's sarcophagus",
				"Jade game board with solid gold playing pieces",
				"Bejeweled ivory drinking horn with gold filigree"
			]
		}
	],
	"magicitems": [
		{
			"name": "Magic Item Table A",
			"type": "A",
			"table": [
				{
					"min": 1,
					"max": 50,
					"item": "{@item Potion of Healing|dmg}"
				},
				{
					"min": 51,
					"max": 60,
					"item": "{@item Scroll (Cantrip)|dmg}"
				},
				{
					"min": 61,
					"max": 70,
					"item": "{@item Potion of Climbing|dmg}"
				},
				{
					"min": 71,
					"max": 90,
					"item": "{@item Spell Scroll (1st Level)|dmg}"
				},
				{
					"min": 91,
					"max": 94,
					"item": "{@item Spell Scroll (2nd Level)|dmg}"
				},
				{
					"min": 95,
					"max": 98,
					"item": "{@item Potion of Greater Healing|dmg}"
				},
				{
					"min": 99,
					"max": 99,
					"item": "{@item Bag of Holding|dmg}"
				},
				{
					"min": 100,
					"max": 100,
					"item": "{@item Driftglobe|dmg}"
				}
			]
		},
		{
			"name": "Magic Item Table B",
			"type": "B",
			"table": [
				{
					"min": 1,
					"max": 15,
					"item": "{@item Potion of Greater Healing|dmg}"
				},
				{
					"min": 16,
					"max": 22,
					"item": "{@item Potion of Fire Breath|dmg}"
				},
				{
					"min": 23,
					"max": 29,
					"item": "Potion of Resistance"
				},
				{
					"min": 30,
					"max": 34,
					"item": "{@item Ammunition +1|dmg}"
				},
				{
					"min": 35,
					"max": 39,
					"item": "{@item Potion of Animal Friendship|dmg}"
				},
				{
					"min": 40,
					"max": 44,
					"item": "{@item Potion of Hill Giant Strength|dmg}"
				},
				{
					"min": 45,
					"max": 49,
					"item": "{@item Potion of Growth|dmg}"
				},
				{
					"min": 50,
					"max": 54,
					"item": "{@item Potion of Water Breathing|dmg}"
				},
				{
					"min": 55,
					"max": 59,
					"item": "{@item Spell Scroll (2nd Level)|dmg}"
				},
				{
					"min": 60,
					"max": 64,
					"item": "{@item Spell Scroll (3rd Level)|dmg}"
				},
				{
					"min": 65,
					"max": 67,
					"item": "{@item Bag of Holding|dmg}"
				},
				{
					"min": 68,
					"max": 70,
					"item": "{@item Keoghtom's Ointment|dmg}"
				},
				{
					"min": 71,
					"max": 73,
					"item": "{@item Oil of Slipperiness|dmg}"
				},
				{
					"min": 74,
					"max": 75,
					"item": "{@item Dust of Disappearance|dmg}"
				},
				{
					"min": 76,
					"max": 77,
					"item": "{@item Dust of Dryness|dmg}"
				},
				{
					"min": 78,
					"max": 79,
					"item": "{@item Dust of Sneezing and Choking|dmg}"
				},
				{
					"min": 80,
					"max": 81,
					"item": "{@item Elemental Gem|dmg}"
				},
				{
					"min": 82,
					"max": 83,
					"item": "{@item Philter of Love|dmg}"
				},
				{
					"min": 84,
					"max": 84,
					"item": "{@item Alchemy Jug|dmg}"
				},
				{
					"min": 85,
					"max": 85,
					"item": "{@item Cap of Water Breathing|dmg}"
				},
				{
					"min": 86,
					"max": 86,
					"item": "{@item Cloak of the Manta Ray|dmg}"
				},
				{
					"min": 87,
					"max": 87,
					"item": "{@item Driftglobe|dmg}"
				},
				{
					"min": 88,
					"max": 88,
					"item": "{@item Goggles of Night|dmg}"
				},
				{
					"min": 89,
					"max": 89,
					"item": "{@item Helm of Comprehending Languages|dmg}"
				},
				{
					"min": 90,
					"max": 90,
					"item": "{@item Immovable Rod|dmg}"
				},
				{
					"min": 91,
					"max": 91,
					"item": "{@item Lantern of Revealing|dmg}"
				},
				{
					"min": 92,
					"max": 92,
					"item": "{@item Mariner's Armor|dmg}"
				},
				{
					"min": 93,
					"max": 93,
					"item": "{@item Mithral Armor|dmg}"
				},
				{
					"min": 94,
					"max": 94,
					"item": "{@item Potion of Poison|dmg}"
				},
				{
					"min": 95,
					"max": 95,
					"item": "{@item Ring of Swimming|dmg}"
				},
				{
					"min": 96,
					"max": 96,
					"item": "{@item Robe of Useful Items|dmg}"
				},
				{
					"min": 97,
					"max": 97,
					"item": "{@item Rope of Climbing|dmg}"
				},
				{
					"min": 98,
					"max": 98,
					"item": "{@item Saddle of the Cavalier|dmg}"
				},
				{
					"min": 99,
					"max": 99,
					"item": "{@item Wand of Magic Detection|dmg}"
				},
				{
					"min": 100,
					"max": 100,
					"item": "{@item Wand of Secrets|dmg}"
				}
			]
		},
		{
			"name": "Magic Item Table C",
			"type": "C",
			"table": [
				{
					"min": 1,
					"max": 15,
					"item": "{@item Potion of Superior Healing|dmg}"
				},
				{
					"min": 16,
					"max": 22,
					"item": "{@item Spell Scroll (4th Level)|dmg}"
				},
				{
					"min": 23,
					"max": 27,
					"item": "{@item Ammunition +2|dmg}"
				},
				{
					"min": 28,
					"max": 32,
					"item": "{@item Potion of Clairvoyance|dmg}"
				},
				{
					"min": 33,
					"max": 37,
					"item": "{@item Potion of Diminution|dmg}"
				},
				{
					"min": 38,
					"max": 42,
					"item": "{@item Potion of Gaseous Form|dmg}"
				},
				{
					"min": 43,
					"max": 47,
					"item": "{@item Potion of Frost Giant Strength|dmg}"
				},
				{
					"min": 48,
					"max": 52,
					"item": "{@item Potion of Stone Giant Strength|dmg}"
				},
				{
					"min": 53,
					"max": 57,
					"item": "{@item Potion of Heroism|dmg}"
				},
				{
					"min": 58,
					"max": 62,
					"item": "{@item Potion of Invulnerability|dmg}"
				},
				{
					"min": 63,
					"max": 67,
					"item": "{@item Potion of Mind Reading|dmg}"
				},
				{
					"min": 68,
					"max": 72,
					"item": "{@item Spell Scroll (5th Level)|dmg}"
				},
				{
					"min": 73,
					"max": 75,
					"item": "{@item Elixir of Health|dmg}"
				},
				{
					"min": 76,
					"max": 78,
					"item": "{@item Oil of Etherealness|dmg}"
				},
				{
					"min": 79,
					"max": 81,
					"item": "{@item Potion of Fire Giant Strength|dmg}"
				},
				{
					"min": 82,
					"max": 84,
					"item": "{@item Quaal's Feather Token|dmg}"
				},
				{
					"min": 85,
					"max": 87,
					"item": "{@item Scroll of Protection|dmg}"
				},
				{
					"min": 88,
					"max": 89,
					"item": "{@item Bag of Beans|dmg}"
				},
				{
					"min": 90,
					"max": 91,
					"item": "{@item Bead of Force|dmg}"
				},
				{
					"min": 92,
					"max": 92,
					"item": "{@item Chime of Opening|dmg}"
				},
				{
					"min": 93,
					"max": 93,
					"item": "{@item Decanter of Endless Water|dmg}"
				},
				{
					"min": 94,
					"max": 94,
					"item": "{@item Eyes of Minute Seeing|dmg}"
				},
				{
					"min": 95,
					"max": 95,
					"item": "{@item Folding Boat|dmg}"
				},
				{
					"min": 96,
					"max": 96,
					"item": "{@item Heward's Handy Haversack|dmg}"
				},
				{
					"min": 97,
					"max": 97,
					"item": "{@item Horseshoes of Speed|dmg}"
				},
				{
					"min": 98,
					"max": 98,
					"item": "{@item Necklace of Fireballs|dmg}"
				},
				{
					"min": 99,
					"max": 99,
					"item": "{@item Periapt of Health|dmg}"
				},
				{
					"min": 100,
					"max": 100,
					"item": "{@item Sending Stones|dmg}"
				}
			]
		},
		{
			"name": "Magic Item Table D",
			"type": "D",
			"table": [
				{
					"min": 1,
					"max": 20,
					"item": "{@item Potion of Supreme Healing|dmg}"
				},
				{
					"min": 21,
					"max": 30,
					"item": "{@item Potion of Invisibility|dmg}"
				},
				{
					"min": 31,
					"max": 40,
					"item": "{@item Potion of Speed|dmg}"
				},
				{
					"min": 41,
					"max": 50,
					"item": "{@item Spell Scroll (6th level)|dmg}"
				},
				{
					"min": 51,
					"max": 57,
					"item": "{@item Spell Scroll (7th level)|dmg}"
				},
				{
					"min": 58,
					"max": 62,
					"item": "{@item Ammunition +3|dmg}"
				},
				{
					"min": 63,
					"max": 67,
					"item": "{@item Oil of Sharpness|dmg}"
				},
				{
					"min": 68,
					"max": 72,
					"item": "{@item Potion of Flying|dmg}"
				},
				{
					"min": 73,
					"max": 77,
					"item": "{@item Potion of Cloud Giant Strength|dmg}"
				},
				{
					"min": 78,
					"max": 82,
					"item": "{@item Potion of Longevity|dmg}"
				},
				{
					"min": 83,
					"max": 87,
					"item": "{@item Potion of Vitality|dmg}"
				},
				{
					"min": 88,
					"max": 92,
					"item": "{@item Spell Scroll (8th level)|dmg}"
				},
				{
					"min": 93,
					"max": 95,
					"item": "{@item Horseshoes of a Zephyr|dmg}"
				},
				{
					"min": 96,
					"max": 98,
					"item": "{@item Nolzur's Marvelous Pigments|dmg}"
				},
				{
					"min": 99,
					"max": 99,
					"item": "{@item Bag of Devouring|dmg}"
				},
				{
					"min": 100,
					"max": 100,
					"item": "{@item Portable Hole|dmg}"
				}
			]
		},
		{
			"name": "Magic Item Table E",
			"type": "E",
			"table": [
				{
					"min": 1,
					"max": 30,
					"item": "{@item Spell Scroll (8th level)|dmg}"
				},
				{
					"min": 31,
					"max": 55,
					"item": "{@item Potion of Storm Giant Strength|dmg}"
				},
				{
					"min": 56,
					"max": 70,
					"item": "{@item Potion of Supreme Healing|dmg}"
				},
				{
					"min": 71,
					"max": 86,
					"item": "{@item Spell Scroll (9th level)"
				},
				{
					"min": 86,
					"max": 93,
					"item": "{@item Universal Solvent|dmg}"
				},
				{
					"min": 94,
					"max": 98,
					"item": "{@item Arrow of Slaying|dmg}"
				},
				{
					"min": 99,
					"max": 100,
					"item": "{@item Sovereign Glue|dmg}"
				}
			]
		},
		{
			"name": "Magic Item Table F",
			"type": "F",
			"table": [
				{
					"min": 1,
					"max": 15,
					"item": "{@item Weapon +1|dmg}"
				},
				{
					"min": 16,
					"max": 18,
					"item": "{@item Shield +1|dmg}"
				},
				{
					"min": 19,
					"max": 21,
					"item": "{@item Sentinel Shield|dmg}"
				},
				{
					"min": 22,
					"max": 23,
					"item": "{@item Amulet of Proof Against Detection and Location|dmg}"
				},
				{
					"min": 24,
					"max": 25,
					"item": "{@item Boots of Elvenkind|dmg}"
				},
				{
					"min": 26,
					"max": 27,
					"item": "{@item Boots of Striding and Springing|dmg}"
				},
				{
					"min": 28,
					"max": 29,
					"item": "{@item Bracers of Archery|dmg}"
				},
				{
					"min": 30,
					"max": 31,
					"item": "{@item Brooch of Shielding|dmg}"
				},
				{
					"min": 32,
					"max": 33,
					"item": "{@item Broom of Flying|dmg}"
				},
				{
					"min": 34,
					"max": 35,
					"item": "{@item Cloak of Elvenkind|dmg}"
				},
				{
					"min": 36,
					"max": 37,
					"item": "{@item Cloak of Protection|dmg}"
				},
				{
					"min": 38,
					"max": 39,
					"item": "{@item Gauntlets of Ogre Power|dmg}"
				},
				{
					"min": 40,
					"max": 41,
					"item": "{@item Hat of Disguise|dmg}"
				},
				{
					"min": 42,
					"max": 43,
					"item": "{@item Javelin of Lightning|dmg}"
				},
				{
					"min": 44,
					"max": 45,
					"item": "{@item Pearl of Power|dmg}"
				},
				{
					"min": 46,
					"max": 47,
					"item": "{@item Rod of the Pact Keeper, +1|dmg}"
				},
				{
					"min": 48,
					"max": 49,
					"item": "{@item Slippers of Spider Climbing|dmg}"
				},
				{
					"min": 50,
					"max": 51,
					"item": "{@item Staff of the Adder|dmg}"
				},
				{
					"min": 52,
					"max": 53,
					"item": "{@item Staff of the Python|dmg}"
				},
				{
					"min": 54,
					"max": 55,
					"item": "{@item Sword of Vengeance|dmg}"
				},
				{
					"min": 56,
					"max": 57,
					"item": "{@item Trident of Fish Command|dmg}"
				},
				{
					"min": 58,
					"max": 59,
					"item": "{@item Wand of Magic Missiles|dmg}"
				},
				{
					"min": 60,
					"max": 61,
					"item": "{@item Wand of the War Mage, +1|dmg}"
				},
				{
					"min": 62,
					"max": 63,
					"item": "{@item Wand of Web|dmg}"
				},
				{
					"min": 64,
					"max": 65,
					"item": "{@item Weapon of Warning|dmg}"
				},
				{
					"min": 66,
					"max": 66,
					"item": "{@item Adamantine Chain Mail|dmg}"
				},
				{
					"min": 67,
					"max": 67,
					"item": "{@item Adamantine Chain Shirt|dmg}"
				},
				{
					"min": 68,
					"max": 68,
					"item": "{@item Adamantine Scale Mail|dmg}"
				},
				{
					"min": 69,
					"max": 69,
					"item": "{@item Bag of Tricks, Gray|dmg}"
				},
				{
					"min": 70,
					"max": 70,
					"item": "{@item Bag of Tricks, Rust|dmg}"
				},
				{
					"min": 71,
					"max": 71,
					"item": "{@item Bag of Tricks, Tan|dmg}"
				},
				{
					"min": 72,
					"max": 72,
					"item": "{@item Boots of the Winterlands|dmg}"
				},
				{
					"min": 73,
					"max": 73,
					"item": "{@item Circlet of Blasting|dmg}"
				},
				{
					"min": 74,
					"max": 74,
					"item": "{@item Deck of Illusions|dmg}"
				},
				{
					"min": 75,
					"max": 75,
					"item": "{@item Eversmoking Bottle|dmg}"
				},
				{
					"min": 76,
					"max": 76,
					"item": "{@item Eyes of Charming|dmg}"
				},
				{
					"min": 77,
					"max": 77,
					"item": "{@item Eyes of the Eagle|dmg}"
				},
				{
					"min": 78,
					"max": 78,
					"item": "{@item Figurine of Wondrous Power, Silver Raven|dmg}"
				},
				{
					"min": 79,
					"max": 79,
					"item": "{@item Gem of Brightness|dmg}"
				},
				{
					"min": 80,
					"max": 80,
					"item": "{@item Gloves of Missile Snaring|dmg}"
				},
				{
					"min": 81,
					"max": 81,
					"item": "{@item Gloves of Swimming and Climbing|dmg}"
				},
				{
					"min": 82,
					"max": 82,
					"item": "{@item Gloves of Thievery|dmg}"
				},
				{
					"min": 83,
					"max": 83,
					"item": "{@item Headband of Intellect|dmg}"
				},
				{
					"min": 84,
					"max": 84,
					"item": "{@item Helm of Telepathy|dmg}"
				},
				{
					"min": 85,
					"max": 85,
					"item": "{@item Instrument of the Bards, Doss Lute|dmg}"
				},
				{
					"min": 86,
					"max": 86,
					"item": "{@item Instrument of the Bards, Fochlucan Bandore|dmg}"
				},
				{
					"min": 87,
					"max": 87,
					"item": "{@item Instrument of the Bards, Mac-Fuimidh Cittern|dmg}"
				},
				{
					"min": 88,
					"max": 88,
					"item": "{@item Medallion of Thoughts|dmg}"
				},
				{
					"min": 89,
					"max": 89,
					"item": "{@item Necklace of Aadaptation|dmg}"
				},
				{
					"min": 90,
					"max": 90,
					"item": "{@item Periapt of Wound Closure|dmg}"
				},
				{
					"min": 91,
					"max": 91,
					"item": "{@item Pipes of Haunting|dmg}"
				},
				{
					"min": 92,
					"max": 92,
					"item": "{@item Pipes of the Sewers|dmg}"
				},
				{
					"min": 93,
					"max": 93,
					"item": "{@item Ring of Jumping|dmg}"
				},
				{
					"min": 94,
					"max": 94,
					"item": "{@item Ring of Mind Mhielding|dmg}"
				},
				{
					"min": 95,
					"max": 95,
					"item": "{@item Ring of Warmth|dmg}"
				},
				{
					"min": 96,
					"max": 96,
					"item": "{@item Ring of Water Walking|dmg}"
				},
				{
					"min": 97,
					"max": 97,
					"item": "{@item Quiver of Ehlonna|dmg}"
				},
				{
					"min": 98,
					"max": 98,
					"item": "{@item Stone of Good Luck|dmg}"
				},
				{
					"min": 99,
					"max": 99,
					"item": "{@item Wind Fan|dmg}"
				},
				{
					"min": 100,
					"max": 100,
					"item": "{@item Winged Boots|dmg}"
				}
			]
		},
		{
			"name": "Magic Item Table G",
			"type": "G",
			"table": [
				{
					"min": 1,
					"max": 11,
					"item": "{@item Weapon +2|dmg}"
				},
				{
					"min": 12,
					"max": 14,
					"item": "Figurine of Wondrous Power",
					"table": [
						"{@item Figurine of Wondrous Power, Bronze Griffon|dmg}",
						"{@item Figurine of Wondrous Power, Ebony Fly|dmg}",
						"{@item Figurine of Wondrous Power, Golden Lions|dmg}",
						"{@item Figurine of Wondrous Power, Ivory Goats|dmg}",
						"{@item Figurine of Wondrous Power, Marble Elephant|dmg}",
						"{@item Figurine of Wondrous Power, Onyx Dog|dmg}",
						"{@item Figurine of Wondrous Power, Onyx Dog|dmg}",
						"{@item Figurine of Wondrous Power, Serpentine Owl|dmg}"
					]
				},
				{
					"min": 15,
					"max": 15,
					"item": "{@item Adamantine Breastplate|dmg}"
				},
				{
					"min": 16,
					"max": 16,
					"item": "{@item Adamantine Splint Armor|dmg}"
				},
				{
					"min": 17,
					"max": 17,
					"item": "{@item Amulet of Health|dmg}"
				},
				{
					"min": 18,
					"max": 18,
					"item": "{@item Armor of Vulnerability|dmg}"
				},
				{
					"min": 19,
					"max": 19,
					"item": "{@item Arrow-catching Shield|dmg}"
				},
				{
					"min": 20,
					"max": 20,
					"item": "{@item Belt of Dwarvenkind|dmg}"
				},
				{
					"min": 21,
					"max": 21,
					"item": "{@item Belt of Hill Giant Strength|dmg}"
				},
				{
					"min": 22,
					"max": 22,
					"item": "{@item Berserker Axe|dmg}"
				},
				{
					"min": 23,
					"max": 23,
					"item": "{@item Boots of Levitation|dmg}"
				},
				{
					"min": 24,
					"max": 24,
					"item": "{@item Boots of Speed|dmg}"
				},
				{
					"min": 25,
					"max": 25,
					"item": "{@item Bowl of Commanding Water Elementals|dmg}"
				},
				{
					"min": 26,
					"max": 26,
					"item": "{@item Bracers of Defense|dmg}"
				},
				{
					"min": 27,
					"max": 27,
					"item": "{@item Brazier of Commanding Fire Elementals|dmg}"
				},
				{
					"min": 28,
					"max": 28,
					"item": "{@item Cape of the Mountebank|dmg}"
				},
				{
					"min": 29,
					"max": 29,
					"item": "{@item Censer of Controlling Air Elementals|dmg}"
				},
				{
					"min": 30,
					"max": 30,
					"item": "{@item Chain Mail +1|dmg}"
				},
				{
					"min": 31,
					"max": 31,
					"item": "Chain Mail of Resistance"
				},
				{
					"min": 32,
					"max": 32,
					"item": "{@item Chain Shirt +1|dmg}"
				},
				{
					"min": 33,
					"max": 33,
					"item": "Chain Shirt of Resistance"
				},
				{
					"min": 34,
					"max": 34,
					"item": "{@item Cloak of Displacement|dmg}"
				},
				{
					"min": 35,
					"max": 35,
					"item": "{@item Cloak of the Bat|dmg}"
				},
				{
					"min": 36,
					"max": 36,
					"item": "{@item Cube of Force|dmg}"
				},
				{
					"min": 37,
					"max": 37,
					"item": "{@item Daern's Instant Fortress|dmg}"
				},
				{
					"min": 38,
					"max": 38,
					"item": "{@item Dagger of Venom|dmg}"
				},
				{
					"min": 39,
					"max": 39,
					"item": "{@item Dimensional Shackles|dmg}"
				},
				{
					"min": 40,
					"max": 40,
					"item": "{@item Dragon Slayer|dmg}"
				},
				{
					"min": 41,
					"max": 41,
					"item": "{@item Elven Chain|dmg}"
				},
				{
					"min": 42,
					"max": 42,
					"item": "{@item Flame Tongue|dmg}"
				},
				{
					"min": 43,
					"max": 43,
					"item": "{@item Gem of Seeing|dmg}"
				},
				{
					"min": 44,
					"max": 44,
					"item": "{@item Giant Slayer|dmg}"
				},
				{
					"min": 45,
					"max": 45,
					"item": "{@item Glamoured Studded Leather|dmg}"
				},
				{
					"min": 46,
					"max": 46,
					"item": "{@item Helm of Teleportation|dmg}"
				},
				{
					"min": 47,
					"max": 47,
					"item": "{@item Horn of Blasting|dmg}"
				},
				{
					"min": 48,
					"max": 48,
					"item": "Horn of Valhalla ({@item Horn of Valhalla, Silver|dmg|silver} or {@item Horn of Valhalla, Brass|dmg|brass})"
				},
				{
					"min": 49,
					"max": 49,
					"item": "{@item Instrument of the Bards, Canaith Mandolin|dmg}"
				},
				{
					"min": 50,
					"max": 50,
					"item": "{@item Instrument of the Bards, Cli Lyre|dmg}"
				},
				{
					"min": 51,
					"max": 51,
					"item": "{@item Ioun Stone, Awareness|dmg}"
				},
				{
					"min": 52,
					"max": 52,
					"item": "{@item Ioun Stone, Protection|dmg}"
				},
				{
					"min": 53,
					"max": 53,
					"item": "{@item Ioun Stone, Reserve|dmg}"
				},
				{
					"min": 54,
					"max": 54,
					"item": "{@item Ioun Stone, Sustenance|dmg}"
				},
				{
					"min": 55,
					"max": 55,
					"item": "{@item Iron Bands of Bilarro|dmg}"
				},
				{
					"min": 56,
					"max": 56,
					"item": "{@item Leather Armor +1|dmg}"
				},
				{
					"min": 57,
					"max": 57,
					"item": "Leather Armor of Resistance"
				},
				{
					"min": 58,
					"max": 58,
					"item": "{@item Mace of Disruption|dmg}"
				},
				{
					"min": 59,
					"max": 59,
					"item": "{@item Mace of Smiting|dmg}"
				},
				{
					"min": 60,
					"max": 60,
					"item": "{@item Mace of Terror|dmg}"
				},
				{
					"min": 61,
					"max": 61,
					"item": "{@item Mantle of Spell Resistance|dmg}"
				},
				{
					"min": 62,
					"max": 62,
					"item": "{@item Necklace of Prayer Beads|dmg}"
				},
				{
					"min": 63,
					"max": 63,
					"item": "{@item Periapt of Proof Against Poison|dmg}"
				},
				{
					"min": 64,
					"max": 64,
					"item": "{@item Ring of Animal Influence|dmg}"
				},
				{
					"min": 65,
					"max": 65,
					"item": "{@item Ring of Evasion|dmg}"
				},
				{
					"min": 66,
					"max": 66,
					"item": "{@item Ring of Feather Falling|dmg}"
				},
				{
					"min": 67,
					"max": 67,
					"item": "{@item Ring of Free Action|dmg}"
				},
				{
					"min": 68,
					"max": 68,
					"item": "{@item Ring of Protection|dmg}"
				},
				{
					"min": 69,
					"max": 69,
					"item": "Ring of Resistance"
				},
				{
					"min": 70,
					"max": 70,
					"item": "{@item Ring of Spell Storing|dmg}"
				},
				{
					"min": 71,
					"max": 71,
					"item": "{@item Ring of the Ram|dmg}"
				},
				{
					"min": 72,
					"max": 72,
					"item": "{@item Ring of X-ray Vision|dmg}"
				},
				{
					"min": 73,
					"max": 73,
					"item": "{@item Robe of Eyes|dmg}"
				},
				{
					"min": 74,
					"max": 74,
					"item": "{@item Rod of Rulership|dmg}"
				},
				{
					"min": 75,
					"max": 75,
					"item": "{@item Rod of the Pact Keeper, +2|dmg}"
				},
				{
					"min": 76,
					"max": 76,
					"item": "{@item Rope of Entanglement|dmg}"
				},
				{
					"min": 77,
					"max": 77,
					"item": "{@item Scale Mail +1|dmg}"
				},
				{
					"min": 78,
					"max": 78,
					"item": "Scale Mail of Resistance"
				},
				{
					"min": 79,
					"max": 79,
					"item": "{@item Shield +2|dmg}"
				},
				{
					"min": 80,
					"max": 80,
					"item": "{@item Shield of Missile Attraction|dmg}"
				},
				{
					"min": 81,
					"max": 81,
					"item": "{@item Staff of Charming|dmg}"
				},
				{
					"min": 82,
					"max": 82,
					"item": "{@item Staff of Healing|dmg}"
				},
				{
					"min": 83,
					"max": 83,
					"item": "{@item Staff of Swarming Insects|dmg}"
				},
				{
					"min": 84,
					"max": 84,
					"item": "{@item Staff of the Woodlands|dmg}"
				},
				{
					"min": 85,
					"max": 85,
					"item": "{@item Staff of Withering|dmg}"
				},
				{
					"min": 86,
					"max": 86,
					"item": "{@item Stone of Controlling Earth Elementals|dmg}"
				},
				{
					"min": 87,
					"max": 87,
					"item": "{@item Sun Blade|dmg}"
				},
				{
					"min": 88,
					"max": 88,
					"item": "{@item Sword of Life Stealing|dmg}"
				},
				{
					"min": 89,
					"max": 89,
					"item": "{@item Sword of Wounding|dmg}"
				},
				{
					"min": 90,
					"max": 90,
					"item": "{@item Tentacle Rod|dmg}"
				},
				{
					"min": 91,
					"max": 91,
					"item": "{@item Vicious Weapon|dmg}"
				},
				{
					"min": 92,
					"max": 92,
					"item": "{@item Wand of Binding|dmg}"
				},
				{
					"min": 93,
					"max": 93,
					"item": "{@item Wand of Enemy Detection|dmg}"
				},
				{
					"min": 94,
					"max": 94,
					"item": "{@item Wand of Fear|dmg}"
				},
				{
					"min": 95,
					"max": 95,
					"item": "{@item Wand of Fireballs|dmg}"
				},
				{
					"min": 96,
					"max": 96,
					"item": "{@item Wand of Lightning Bolts|dmg}"
				},
				{
					"min": 97,
					"max": 97,
					"item": "{@item Wand of Paralysis|dmg}"
				},
				{
					"min": 98,
					"max": 98,
					"item": "{@item Wand of the War Mage, +2|dmg}"
				},
				{
					"min": 99,
					"max": 99,
					"item": "{@item Wand of Wonder|dmg}"
				},
				{
					"min": 100,
					"max": 100,
					"item": "{@item Wings of Flying|dmg}"
				}
			]
		},
		{
			"name": "Magic Item Table H",
			"type": "H",
			"table": [
				{
					"min": 1,
					"max": 10,
					"item": "{@item Weapon +3|dmg}"
				},
				{
					"min": 11,
					"max": 12,
					"item": "{@item Amulet of the Planes|dmg}"
				},
				{
					"min": 13,
					"max": 14,
					"item": "Carpet of Flying"
				},
				{
					"min": 15,
					"max": 16,
					"item": "{@item Crystal Ball|dmg}"
				},
				{
					"min": 17,
					"max": 18,
					"item": "{@item Ring of Regeneration|dmg}"
				},
				{
					"min": 19,
					"max": 20,
					"item": "{@item Ring of Shooting Stars|dmg}"
				},
				{
					"min": 21,
					"max": 22,
					"item": "{@item Ring of Telekinesis|dmg}"
				},
				{
					"min": 23,
					"max": 24,
					"item": "{@item Robe of Scintillating Colors|dmg}"
				},
				{
					"min": 25,
					"max": 26,
					"item": "{@item Robe of Stars|dmg}"
				},
				{
					"min": 27,
					"max": 28,
					"item": "{@item Rod of absorption|dmg}"
				},
				{
					"min": 29,
					"max": 30,
					"item": "{@item Rod of Alertness|dmg}"
				},
				{
					"min": 31,
					"max": 32,
					"item": "{@item Rod of Security|dmg}"
				},
				{
					"min": 33,
					"max": 34,
					"item": "{@item Rod of the Pact Keeper, +3|dmg}"
				},
				{
					"min": 35,
					"max": 36,
					"item": "{@item Scimitar of Speed|dmg}"
				},
				{
					"min": 37,
					"max": 38,
					"item": "{@item Shield +3|dmg}"
				},
				{
					"min": 39,
					"max": 40,
					"item": "{@item Staff of Fire|dmg}"
				},
				{
					"min": 41,
					"max": 42,
					"item": "{@item Staff of Frost|dmg}"
				},
				{
					"min": 43,
					"max": 44,
					"item": "{@item Staff of Power|dmg}"
				},
				{
					"min": 45,
					"max": 46,
					"item": "{@item Staff of Striking|dmg}"
				},
				{
					"min": 47,
					"max": 48,
					"item": "{@item Staff of Thunder and Lightning|dmg}"
				},
				{
					"min": 49,
					"max": 50,
					"item": "{@item Sword of Sharpness|dmg}"
				},
				{
					"min": 51,
					"max": 52,
					"item": "{@item Wand of Polymorph|dmg}"
				},
				{
					"min": 53,
					"max": 54,
					"item": "{@item Wand of the War Mage, +3|dmg}"
				},
				{
					"min": 55,
					"max": 55,
					"item": "{@item Adamantine Half Plate Armor|dmg}"
				},
				{
					"min": 56,
					"max": 56,
					"item": "{@item Adamantine Plate Armor|dmg}"
				},
				{
					"min": 57,
					"max": 57,
					"item": "{@item Animated Shield|dmg}"
				},
				{
					"min": 58,
					"max": 58,
					"item": "{@item Belt of Fire Giant Strength|dmg}"
				},
				{
					"min": 59,
					"max": 59,
					"item": "Belt of {@item Belt of Frost Giant Strength|dmg|frost} or {@item Belt of Stone Giant Strength|dmg|stone} giant strength"
				},
				{
					"min": 60,
					"max": 60,
					"item": "{@item Breastplate +1|dmg}"
				},
				{
					"min": 61,
					"max": 61,
					"item": "Breastplate of Resistance"
				},
				{
					"min": 62,
					"max": 62,
					"item": "{@item Candle of Invocation|dmg}"
				},
				{
					"min": 63,
					"max": 63,
					"item": "{@item Chain Mail +2|dmg}"
				},
				{
					"min": 64,
					"max": 64,
					"item": "{@item Chain Shirt +2|dmg}"
				},
				{
					"min": 65,
					"max": 65,
					"item": "{@item Cloak of Arachnida|dmg}"
				},
				{
					"min": 66,
					"max": 66,
					"item": "{@item Dancing Sword|dmg}"
				},
				{
					"min": 67,
					"max": 67,
					"item": "{@item Demon Armor|dmg}"
				},
				{
					"min": 68,
					"max": 68,
					"item": "Dragon Scale Mail"
				},
				{
					"min": 69,
					"max": 69,
					"item": "{@item Dwarven Plate|dmg}"
				},
				{
					"min": 70,
					"max": 70,
					"item": "{@item Dwarven Thrower|dmg}"
				},
				{
					"min": 71,
					"max": 71,
					"item": "{@item Efreeti Bottle|dmg}"
				},
				{
					"min": 72,
					"max": 72,
					"item": "{@item Figurine of Wondrous Power, Obsidian Steed|dmg}"
				},
				{
					"min": 73,
					"max": 73,
					"item": "{@item Frost Brand|dmg}"
				},
				{
					"min": 74,
					"max": 74,
					"item": "{@item Helm of Brilliance|dmg}"
				},
				{
					"min": 75,
					"max": 75,
					"item": "{@item Horn of Valhalla, Bronze|dmg}"
				},
				{
					"min": 76,
					"max": 76,
					"item": "{@item Instrument of the Bards, Anstruth Harp|dmg}"
				},
				{
					"min": 77,
					"max": 77,
					"item": "{@item Ioun Stone, Absorption|dmg},"
				},
				{
					"min": 78,
					"max": 78,
					"item": "{@item Ioun Stone, Agility|dmg},"
				},
				{
					"min": 79,
					"max": 79,
					"item": "{@item Ioun Stone, Fortitude|dmg},"
				},
				{
					"min": 80,
					"max": 80,
					"item": "{@item Ioun Stone, Insight|dmg}"
				},
				{
					"min": 81,
					"max": 81,
					"item": "{@item Ioun Stone, Intellect|dmg}"
				},
				{
					"min": 82,
					"max": 82,
					"item": "{@item Ioun Stone, Leadership|dmg}"
				},
				{
					"min": 83,
					"max": 83,
					"item": "{@item Ioun Stone, Strength|dmg}"
				},
				{
					"min": 84,
					"max": 84,
					"item": "{@item Leather Armor +2|dmg}"
				},
				{
					"min": 85,
					"max": 85,
					"item": "{@item Manual of Bodily Health|dmg}"
				},
				{
					"min": 86,
					"max": 86,
					"item": "{@item Manual of Gainful Exercise|dmg}"
				},
				{
					"min": 87,
					"max": 87,
					"item": "{@item Manual of Golems|dmg}"
				},
				{
					"min": 88,
					"max": 88,
					"item": "{@item Manual of Quickness of Action|dmg}"
				},
				{
					"min": 89,
					"max": 89,
					"item": "{@item Mirror of Life Trapping|dmg}"
				},
				{
					"min": 90,
					"max": 90,
					"item": "{@item Nine Lives Stealer|dmg}"
				},
				{
					"min": 91,
					"max": 91,
					"item": "{@item Oath Bow|dmg}"
				},
				{
					"min": 92,
					"max": 92,
					"item": "{@item Scale Mail +2|dmg}"
				},
				{
					"min": 93,
					"max": 93,
					"item": "{@item Spellguard Shield|dmg}"
				},
				{
					"min": 94,
					"max": 94,
					"item": "{@item Splint Armor +1|dmg}"
				},
				{
					"min": 95,
					"max": 95,
					"item": "Splint Armor of Resistance"
				},
				{
					"min": 96,
					"max": 96,
					"item": "{@item Studded Leather Armor +1|dmg}"
				},
				{
					"min": 97,
					"max": 97,
					"item": "Studded Leather Armor of Resistance"
				},
				{
					"min": 98,
					"max": 98,
					"item": "{@item Tome of Clear Thought|dmg}"
				},
				{
					"min": 99,
					"max": 99,
					"item": "{@item Tome of Leadership and Influence|dmg}"
				},
				{
					"min": 100,
					"max": 100,
					"item": "{@item Tome of Understanding|dmg}"
				}
			]
		},
		{
			"name": "Magic Item Table I",
			"type": "I",
			"table": [
				{
					"min": 1,
					"max": 5,
					"item": "{@item Defender|dmg}"
				},
				{
					"min": 6,
					"max": 10,
					"item": "{@item Hammer of Thunderbolts|dmg}"
				},
				{
					"min": 11,
					"max": 15,
					"item": "{@item Luck Blade|dmg}"
				},
				{
					"min": 16,
					"max": 20,
					"item": "Sword of Answering"
				},
				{
					"min": 21,
					"max": 23,
					"item": "{@item Holy Avenger|dmg}"
				},
				{
					"min": 24,
					"max": 26,
					"item": "{@item Ring of Djinni Summoning|dmg}"
				},
				{
					"min": 27,
					"max": 29,
					"item": "{@item Ring of Invisibility|dmg}"
				},
				{
					"min": 30,
					"max": 32,
					"item": "{@item Ring of Spell Turning|dmg}"
				},
				{
					"min": 33,
					"max": 35,
					"item": "{@item Rod of Lordly Might|dmg}"
				},
				{
					"min": 36,
					"max": 38,
					"item": "{@item Staff of the Magi|dmg}"
				},
				{
					"min": 39,
					"max": 41,
					"item": "{@item Vorpal sword|dmg}"
				},
				{
					"min": 42,
					"max": 43,
					"item": "{@item Belt of Cloud Giant Strength|dmg}"
				},
				{
					"min": 44,
					"max": 45,
					"item": "{@item Breastplate +2|dmg}"
				},
				{
					"min": 46,
					"max": 47,
					"item": "{@item Chain Mail +3|dmg}"
				},
				{
					"min": 48,
					"max": 49,
					"item": "{@item Chain Shirt +3|dmg}"
				},
				{
					"min": 50,
					"max": 51,
					"item": "{@item Cloak of Invisibility|dmg}"
				},
				{
					"min": 52,
					"max": 53,
					"item": "Crystal Ball (legendary version)"
				},
				{
					"min": 54,
					"max": 55,
					"item": "{@item Half Plate Armor +1|dmg}"
				},
				{
					"min": 56,
					"max": 57,
					"item": "{@item Iron Flask|dmg}"
				},
				{
					"min": 58,
					"max": 59,
					"item": "{@item Leather Armor +3|dmg}"
				},
				{
					"min": 60,
					"max": 61,
					"item": "{@item Plate Armor +1|dmg}"
				},
				{
					"min": 62,
					"max": 63,
					"item": "{@item Robe of the Archmagi|dmg}"
				},
				{
					"min": 64,
					"max": 65,
					"item": "{@item Rod of Resurrection|dmg}"
				},
				{
					"min": 66,
					"max": 67,
					"item": "{@item Scale Mail +1|dmg}"
				},
				{
					"min": 68,
					"max": 69,
					"item": "{@item Scarab of Protection|dmg}"
				},
				{
					"min": 70,
					"max": 71,
					"item": "{@item Splint Armor +2|dmg}"
				},
				{
					"min": 72,
					"max": 73,
					"item": "{@item Studded Leather Armor +2|dmg}"
				},
				{
					"min": 74,
					"max": 75,
					"item": "{@item Well of Many Worlds|dmg}"
				},
				{
					"min": 76,
					"max": 76,
					"item": "Magic armor",
					"table": [
						"{@item Half Plate Armor +2|dmg}",
						"{@item Half Plate Armor +2|dmg}",
						"{@item Plate Armor +2|dmg}",
						"{@item Plate Armor +2|dmg}",
						"{@item Studded Leather Armor +3|dmg}",
						"{@item Studded Leather Armor +3|dmg}",
						"{@item Breastplate +3|dmg}",
						"{@item Breastplate +3|dmg}",
						"{@item Splint Armor +3|dmg}",
						"{@item Splint Armor +3|dmg}",
						"{@item Half Plate Armor +3|dmg}",
						"{@item Plate Armor +3|dmg}"
					]
				},
				{
					"min": 77,
					"max": 77,
					"item": "{@item Apparatus of Kwalish|dmg}"
				},
				{
					"min": 78,
					"max": 78,
					"item": "{@item Armor of Invulnerability|dmg}"
				},
				{
					"min": 79,
					"max": 79,
					"item": "{@item Belt of Storm Giant Strength|dmg}"
				},
				{
					"min": 80,
					"max": 80,
					"item": "{@item Cubic Gate|dmg}"
				},
				{
					"min": 81,
					"max": 81,
					"item": "{@item Deck of Many Things|dmg}"
				},
				{
					"min": 82,
					"max": 82,
					"item": "{@item Efreeti Chain|dmg}"
				},
				{
					"min": 83,
					"max": 83,
					"item": "Half Plate Armor of Resistance"
				},
				{
					"min": 84,
					"max": 84,
					"item": "{@item Horn of Valhalla, Iron|dmg}"
				},
				{
					"min": 85,
					"max": 85,
					"item": "{@item Instrument of the Bards, Ollamh Harp|dmg}"
				},
				{
					"min": 86,
					"max": 86,
					"item": "{@item Ioun Stone, Greater Absorption|dmg}"
				},
				{
					"min": 87,
					"max": 87,
					"item": "{@item Ioun Stone, Mastery|dmg}"
				},
				{
					"min": 88,
					"max": 88,
					"item": "{@item Ioun Stone, Regeneration|dmg}"
				},
				{
					"min": 89,
					"max": 89,
					"item": "{@item Plate armor of etherealness|dmg}"
				},
				{
					"min": 90,
					"max": 90,
					"item": "Plate Armor of Resistance"
				},
				{
					"min": 91,
					"max": 91,
					"item": "{@item Ring of Air Elemental Command|dmg}"
				},
				{
					"min": 92,
					"max": 92,
					"item": "{@item Ring of Earth Elemental Command|dmg}"
				},
				{
					"min": 93,
					"max": 93,
					"item": "{@item Ring of Fire Elemental Command|dmg}"
				},
				{
					"min": 94,
					"max": 94,
					"item": "{@item Ring of Three Wishes|dmg}"
				},
				{
					"min": 95,
					"max": 95,
					"item": "{@item Ring of Water Elemental Command|dmg}"
				},
				{
					"min": 96,
					"max": 96,
					"item": "{@item Sphere of Annihilation|dmg}"
				},
				{
					"min": 97,
					"max": 97,
					"item": "{@item Talisman of Pure Good|dmg}"
				},
				{
					"min": 98,
					"max": 98,
					"item": "{@item Talisman of the Sphere|dmg}"
				},
				{
					"min": 99,
					"max": 99,
					"item": "{@item Talisman of Ultimate Evil|dmg}"
				},
				{
					"min": 100,
					"max": 100,
					"item": "{@item Tome of the Stilled Tongue|dmg}"
				}
			]
		}
	]
}
