{
	"variant": [
		{
			"name": "Armor +1",
			"type": "GV",
			"entries": [
				"You have a +1 bonus to AC while wearing this armor."
			],
			"requires": {
				"armor": true
			},
			"inherits": {
				"genericBonus": "+1",
				"tier": "Major",
				"rarity": "Rare",
				"source": "DMG",
				"page": "152",
				"nameSuffix": " +1",
				"entries": [
					"You have a {@genericBonus} bonus to AC while wearing this armor."
				],
				"modifier": [
					{
						"_category": "bonus",
						"__text": "ac +1",
						"toString": [
							null
						]
					}
				]
			}
		},
		{
			"name": "Armor +2",
			"type": "GV",
			"entries": [
				"You have a +2 bonus to AC while wearing this armor."
			],
			"requires": {
				"armor": true
			},
			"inherits": {
				"genericBonus": "+2",
				"tier": "Major",
				"rarity": "Very Rare",
				"source": "DMG",
				"page": "152",
				"nameSuffix": " +2",
				"entries": [
					"You have a {@genericBonus} bonus to AC while wearing this armor."
				],
				"modifier": [
					{
						"_category": "bonus",
						"__text": "ac +2",
						"toString": [
							null
						]
					}
				]
			}
		},
		{
			"name": "Armor +3",
			"type": "GV",
			"entries": [
				"You have a +3 bonus to AC while wearing this armor."
			],
			"requires": {
				"armor": true
			},
			"inherits": {
				"genericBonus": "+3",
				"tier": "Major",
				"rarity": "Legendary",
				"source": "DMG",
				"page": "152",
				"nameSuffix": " +3",
				"entries": [
					"You have a {@genericBonus} bonus to AC while wearing this armor."
				],
				"modifier": [
					{
						"_category": "bonus",
						"__text": "ac +3",
						"toString": [
							null
						]
					}
				]
			}
		},
		{
			"name": "Shield +1",
			"type": "GV",
			"entries": [
				"While holding this shield, you have a +1 bonus to AC. This bonus is in addition to the shield's normal bonus to AC."
			],
			"requires": {
				"type": "S"
			},
			"inherits": {
				"genericBonus": "+1",
				"tier": "Major",
				"rarity": "Uncommon",
				"source": "DMG",
				"page": "200",
				"nameSuffix": " +1",
				"entries": [
					"While holding this shield, you have a {@genericBonus} bonus to AC. This bonus is in addition to the shield's normal bonus to AC."
				],
				"modifier": [
					{
						"_category": "bonus",
						"__text": "ac +1",
						"toString": [
							null
						]
					}
				]
			}
		},
		{
			"name": "Shield +2",
			"type": "GV",
			"entries": [
				"While holding this shield, you have a +2 bonus to AC. This bonus is in addition to the shield's normal bonus to AC."
			],
			"requires": {
				"type": "S"
			},
			"inherits": {
				"genericBonus": "+2",
				"tier": "Major",
				"rarity": "Rare",
				"source": "DMG",
				"page": "200",
				"nameSuffix": " +2",
				"entries": [
					"While holding this shield, you have a {@genericBonus} bonus to AC. This bonus is in addition to the shield's normal bonus to AC."
				],
				"modifier": [
					{
						"_category": "bonus",
						"__text": "ac +2",
						"toString": [
							null
						]
					}
				]
			}
		},
		{
			"name": "Shield +3",
			"type": "GV",
			"entries": [
				"While holding this shield, you have a +3 bonus to AC. This bonus is in addition to the shield's normal bonus to AC."
			],
			"requires": {
				"type": "S"
			},
			"inherits": {
				"genericBonus": "+3",
				"tier": "Major",
				"rarity": "Very Rare",
				"source": "DMG",
				"page": "200",
				"nameSuffix": " +3",
				"entries": [
					"While holding this shield, you have a {@genericBonus} bonus to AC. This bonus is in addition to the shield's normal bonus to AC."
				],
				"modifier": [
					{
						"_category": "bonus",
						"__text": "ac +3",
						"toString": [
							null
						]
					}
				]
			}
		},
		{
			"name": "Armor of Gleaming",
			"type": "GV",
			"requires": {
				"armor": true
			},
			"inherits": {
				"tier": "Minor",
				"rarity": "Common",
				"source": "XGE",
				"page": "136",
				"nameSuffix": " of Gleaming",
				"entries": [
					"This armor never gets dirty."
				]
			}
		},
		{
			"name": "Armor of Acid Resistance",
			"type": "GV",
			"resist": "acid",
			"requires": {
				"armor": true
			},
			"inherits": {
				"resist": "acid",
				"tier": "Major",
				"rarity": "Rare",
				"source": "DMG",
				"page": "162",
				"reqAttune": "YES",
				"nameSuffix": " of Acid Resistance"
			}
		},
		{
			"name": "Armor of Cold Resistance",
			"type": "GV",
			"resist": "cold",
			"requires": {
				"armor": true
			},
			"inherits": {
				"resist": "cold",
				"tier": "Major",
				"rarity": "Rare",
				"source": "DMG",
				"page": "162",
				"reqAttune": "YES",
				"nameSuffix": " of Cold Resistance"
			}
		},
		{
			"name": "Armor of Fire Resistance",
			"type": "GV",
			"resist": "fire",
			"requires": {
				"armor": true
			},
			"inherits": {
				"resist": "fire",
				"tier": "Major",
				"rarity": "Rare",
				"source": "DMG",
				"page": "162",
				"reqAttune": "YES",
				"nameSuffix": " of Fire Resistance"
			}
		},
		{
			"name": "Armor of Force Resistance",
			"type": "GV",
			"resist": "force",
			"requires": {
				"armor": true
			},
			"inherits": {
				"resist": "force",
				"tier": "Major",
				"rarity": "Rare",
				"source": "DMG",
				"page": "162",
				"reqAttune": "YES",
				"nameSuffix": " of Force Resistance"
			}
		},
		{
			"name": "Armor of Lightning Resistance",
			"type": "GV",
			"resist": "lightning",
			"requires": {
				"armor": true
			},
			"inherits": {
				"resist": "lightning",
				"tier": "Major",
				"rarity": "Rare",
				"source": "DMG",
				"page": "162",
				"reqAttune": "YES",
				"nameSuffix": " of Lightning Resistance"
			}
		},
		{
			"name": "Armor of Necrotic Resistance",
			"type": "GV",
			"resist": "necrotic",
			"requires": {
				"armor": true
			},
			"inherits": {
				"resist": "necrotic",
				"tier": "Major",
				"rarity": "Rare",
				"source": "DMG",
				"page": "162",
				"reqAttune": "YES",
				"nameSuffix": " of Necrotic Resistance"
			}
		},
		{
			"name": "Armor of Poison Resistance",
			"type": "GV",
			"resist": "poison",
			"requires": {
				"armor": true
			},
			"inherits": {
				"resist": "poison",
				"tier": "Major",
				"rarity": "Rare",
				"source": "DMG",
				"page": "162",
				"reqAttune": "YES",
				"nameSuffix": " of Poison Resistance"
			}
		},
		{
			"name": "Armor of Psychic Resistance",
			"type": "GV",
			"resist": "psychic",
			"requires": {
				"armor": true
			},
			"inherits": {
				"resist": "psychic",
				"tier": "Major",
				"rarity": "Rare",
				"source": "DMG",
				"page": "162",
				"reqAttune": "YES",
				"nameSuffix": " of Psychic Resistance"
			}
		},
		{
			"name": "Armor of Radiant Resistance",
			"type": "GV",
			"resist": "radiant",
			"requires": {
				"armor": true
			},
			"inherits": {
				"resist": "radiant",
				"tier": "Major",
				"rarity": "Rare",
				"source": "DMG",
				"page": "162",
				"reqAttune": "YES",
				"nameSuffix": " of Radiant Resistance"
			}
		},
		{
			"name": "Armor of Thunder Resistance",
			"type": "GV",
			"resist": "thunder",
			"requires": {
				"armor": true
			},
			"inherits": {
				"resist": "thunder",
				"tier": "Major",
				"rarity": "Rare",
				"source": "DMG",
				"page": "162",
				"reqAttune": "YES",
				"nameSuffix": " of Thunder Resistance"
			}
		},
		{
			"name": "Adamantine Armor",
			"type": "GV",
			"requires": {
				"type": "HA"
			},
			"inherits": {
				"tier": "Major",
				"rarity": "Uncommon",
				"source": "DMG",
				"page": "150",
				"namePrefix": "Adamantine ",
				"entries": [
					"This suit of armor is reinforced with adamantine, one of the hardest substances in existence. While you're wearing it, any critical hit against you becomes a normal hit."
				]
			}
		},
		{
			"name": "Adamantine Armor Medium",
			"requires": {
				"type": "MA"
			},
			"excludes": {
				"name": "Hide Armor"
			},
			"inherits": {
				"tier": "Major",
				"rarity": "Uncommon",
				"source": "DMG",
				"page": "150",
				"namePrefix": "Adamantine ",
				"entries": [
					"This suit of armor is reinforced with adamantine, one of the hardest substances in existence. While you're wearing it, any critical hit against you becomes a normal hit."
				]
			},
			"noDisplay": true
		},
		{
			"name": "Cast-Off Armor",
			"type": "GV",
			"requires": {
				"armor": true
			},
			"inherits": {
				"tier": "Minor",
				"rarity": "Common",
				"source": "XGE",
				"page": "136",
				"namePrefix": "Cast-Off ",
				"entries": [
					"You can doff this armor as an action."
				]
			}
		},
		{
			"name": "Mariner's Armor",
			"type": "GV",
			"requires": {
				"armor": true
			},
			"inherits": {
				"tier": "Minor",
				"rarity": "Uncommon",
				"source": "DMG",
				"page": "181",
				"namePrefix": "Mariner's ",
				"entries": [
					"While wearing this armor, you have a swimming speed equal to your walking speed. In addition, whenever you start your turn underwater with 0 hit points, the armor causes you to rise 60 feet toward the surface. The armor is decorated with fish and shell motifs."
				]
			}
		},
		{
			"name": "Mind Carapace Armor",
			"type": "GV",
			"requires": {
				"type": "HA"
			},
			"inherits": {
				"rarity": "Uncommon",
				"source": "VGM",
				"page": "81",
				"namePrefix": "Mind Carapace ",
				"reqAttune": "by a specific individual",
				"entries": [
					"Any nonmagical suit of heavy armor can be turned by mind flayers into mind carapace armor. Only one creature can attune to it: either a specific mind flayer or one of its thralls. While worn by any other creature, the mind carapace armor functions as normal armor of its kind. To its intended wearer, the armor grants advantage on Intelligence, Wisdom, and Charisma saving throws and makes its wearer immune to the frightened condition."
				]
			}
		},
		{
			"name": "Mithral Armor",
			"type": "GV",
			"requires": {
				"type": "HA"
			},
			"inherits": {
				"tier": "Minor",
				"rarity": "Uncommon",
				"source": "DMG",
				"page": "182",
				"stealth": false,
				"namePrefix": "Mithral ",
				"entries": [
					"Mithral is a light, flexible metal. A mithral chain shirt or breastplate can be worn under normal clothes. If the armor normally imposes disadvantage on Dexterity ({@skill Stealth}) checks or has a Strength requirement, the mithral version of the armor doesn't."
				]
			}
		},
		{
			"name": "Mithral Armor Medium",
			"requires": {
				"type": "MA"
			},
			"excludes": {
				"name": "Hide Armor"
			},
			"inherits": {
				"tier": "Minor",
				"rarity": "Uncommon",
				"source": "DMG",
				"page": "182",
				"stealth": false,
				"namePrefix": "Mithral ",
				"entries": [
					"Mithral is a light, flexible metal. A mithral chain shirt or breastplate can be worn under normal clothes. If the armor normally imposes disadvantage on Dexterity ({@skill Stealth}) checks or has a Strength requirement, the mithral version of the armor doesn't."
				]
			},
			"noDisplay": true
		},
		{
			"name": "Moon-Touched Sword",
			"type": "GV",
			"requires": {
				"sword": true
			},
			"inherits": {
				"tier": "Minor",
				"rarity": "Common",
				"source": "XGE",
				"page": "138",
				"namePrefix": "Moon-Touched ",
				"entries": [
					"In darkness, the unsheathed blade of this sword sheds moonlight, creating bright light in a 15-foot radius and dim light for an additional 15 feet."
				]
			}
		},
		{
			"name": "Smoldering Armor",
			"type": "GV",
			"requires": {
				"armor": true
			},
			"inherits": {
				"tier": "Minor",
				"rarity": "Common",
				"source": "XGE",
				"page": "139",
				"namePrefix": "Smoldering ",
				"entries": [
					"Wisps of harmless, odorless smoke rise from this armor while it is worn."
				]
			}
		},
		{
			"name": "Arrow of Slaying (Generic)",
			"type": "GV",
			"entries": [
				"An {@italic arrow of slaying} is a magic weapon meant to slay a particular kind of creature. Some are more focused than others; for example, there are both {@italic arrows of dragon slaying} and {@italic arrows of blue dragon slaying}. If a creature belonging to the type, race, or group associated with an {@italic arrow of slaying} takes damage from the arrow, the creature must make a DC 17 Constitution saving throw, taking an extra 6d10 piercing damage on a failed save, or half as much extra damage on a successful one.",
				"Once an {@italic arrow of slaying} deals its extra damage to a creature, it becomes a nonmagical arrow.",
				"Other types of magic ammunition of this kind exist, such as bolts of slaying meant for a crossbow, though arrows are most common."
			],
			"requires": {
				"ammunition": true
			},
			"excludes": {
				"page": "268"
			},
			"inherits": {
				"tier": "Minor",
				"rarity": "Very Rare",
				"source": "DMG",
				"page": "152",
				"nameSuffix": " of Slaying",
				"entries": [
					"A {@lowerName} of slaying is a magic weapon meant to slay a particular kind of creature. Some are more focused than others; for example, there are both <i>{@lowerName}s of dragon slaying</i> and <i>{@lowerName}s of blue dragon slaying</i>. If a creature belonging to the type, race, or group associated with a {@lowerName} of slaying takes damage from the {@lowerName}, the creature must make a DC 17 Constitution saving throw, taking an extra 6d10 piercing damage on a failed save, or half as much extra damage on a successful one.",
					"Once a {@lowerName} of slaying deals its extra damage to a creature, it becomes a nonmagical {@lowerName}."
				]
			}
		},
		{
			"name": "Ammunition +1",
			"type": "GV",
			"entries": [
				"You have a +1 bonus to attack and damage rolls made with this piece of magic ammunition. Once it hits a target, the ammunition is no longer magical."
			],
			"requires": {
				"ammunition": true
			},
			"inherits": {
				"genericBonus": "+1",
				"tier": "Minor",
				"rarity": "Uncommon",
				"source": "DMG",
				"page": "150",
				"nameSuffix": " +1",
				"entries": [
					"You have a {@genericBonus} bonus to attack and damage rolls made with this piece of magic ammunition. Once it hits a target, the ammunition is no longer magical."
				],
				"modifier": [
					{
						"_category": "bonus",
						"__text": "ranged attacks +1",
						"toString": [
							null
						]
					},
					{
						"_category": "bonus",
						"__text": "ranged damage +1",
						"toString": [
							null
						]
					}
				]
			}
		},
		{
			"name": "Ammunition +2",
			"type": "GV",
			"entries": [
				"You have a +2 bonus to attack and damage rolls made with this piece of magic ammunition. Once it hits a target, the ammunition is no longer magical."
			],
			"requires": {
				"ammunition": true
			},
			"inherits": {
				"genericBonus": "+2",
				"tier": "Minor",
				"rarity": "Rare",
				"source": "DMG",
				"page": "150",
				"nameSuffix": " +2",
				"entries": [
					"You have a {@genericBonus} bonus to attack and damage rolls made with this piece of magic ammunition. Once it hits a target, the ammunition is no longer magical."
				],
				"modifier": [
					{
						"_category": "bonus",
						"__text": "ranged attacks +2",
						"toString": [
							null
						]
					},
					{
						"_category": "bonus",
						"__text": "ranged damage +2",
						"toString": [
							null
						]
					}
				]
			}
		},
		{
			"name": "Ammunition +3",
			"type": "GV",
			"entries": [
				"You have a +3 bonus to attack and damage rolls made with this piece of magic ammunition. Once it hits a target, the ammunition is no longer magical."
			],
			"requires": {
				"ammunition": true
			},
			"inherits": {
				"genericBonus": "+3",
				"tier": "Minor",
				"rarity": "Very Rare",
				"source": "DMG",
				"page": "150",
				"nameSuffix": " +3",
				"entries": [
					"You have a {@genericBonus} bonus to attack and damage rolls made with this piece of magic ammunition. Once it hits a target, the ammunition is no longer magical."
				],
				"modifier": [
					{
						"_category": "bonus",
						"__text": "ranged attacks +3",
						"toString": [
							null
						]
					},
					{
						"_category": "bonus",
						"__text": "ranged damage +3",
						"toString": [
							null
						]
					}
				]
			}
		},
		{
			"name": "Walloping Ammunition",
			"type": "GV",
			"requires": {
				"ammunition": true
			},
			"inherits": {
				"tier": "Minor",
				"rarity": "Common",
				"source": "XGE",
				"page": "139",
				"namePrefix": "Walloping ",
				"entries": [
					" This ammunition packs a wallop. A creature hit by the ammunition must succeed on a DC 10 Strength saving throw or be knocked prone."
				]
			}
		},
		{
			"name": "Weapon (no damage) +1",
			"type": "GV",
			"entries": [
				"You have a +1 bonus to attack rolls made with this weapon."
			],
			"requires": {
				"name": "Net"
			},
			"inherits": {
				"genericBonus": "+1",
				"tier": "Major",
				"rarity": "Uncommon",
				"source": "DMG",
				"page": "213",
				"nameSuffix": " +1",
				"entries": [
					"You have a {@genericBonus} bonus to attack rolls made with this weapon."
				]
			}
		},
		{
			"name": "Weapon (no damage) +2",
			"type": "GV",
			"entries": [
				"You have a +2 bonus to attack rolls made with this weapon."
			],
			"requires": {
				"name": "Net"
			},
			"inherits": {
				"genericBonus": "+2",
				"tier": "Major",
				"rarity": "Rare",
				"source": "DMG",
				"page": "213",
				"nameSuffix": " +2",
				"entries": [
					"You have a {@genericBonus} bonus to attack rolls made with this weapon."
				]
			}
		},
		{
			"name": "Weapon (no damage) +3",
			"type": "GV",
			"entries": [
				"You have a +3 bonus to attack rolls made with this weapon."
			],
			"requires": {
				"name": "Net"
			},
			"inherits": {
				"genericBonus": "+3",
				"tier": "Major",
				"rarity": "Very Rare",
				"source": "DMG",
				"page": "213",
				"nameSuffix": " +3",
				"entries": [
					"You have a {@genericBonus} bonus to attack rolls made with this weapon."
				]
			}
		},
		{
			"name": "Weapon +1",
			"type": "GV",
			"entries": [
				"You have a +1 bonus to attack and damage rolls made with this weapon."
			],
			"requires": {
				"weapon": true
			},
			"excludes": {
				"name": "Net"
			},
			"inherits": {
				"genericBonus": "+1",
				"tier": "Major",
				"rarity": "Uncommon",
				"source": "DMG",
				"page": "213",
				"nameSuffix": " +1",
				"entries": [
					"You have a {@genericBonus} bonus to attack and damage rolls made with this weapon."
				]
			}
		},
		{
			"name": "Weapon +2",
			"type": "GV",
			"entries": [
				"You have a +2 bonus to attack and damage rolls made with this weapon."
			],
			"requires": {
				"weapon": true
			},
			"excludes": {
				"name": "Net"
			},
			"inherits": {
				"genericBonus": "+2",
				"tier": "Major",
				"rarity": "Rare",
				"source": "DMG",
				"page": "213",
				"nameSuffix": " +2",
				"entries": [
					"You have a {@genericBonus} bonus to attack and damage rolls made with this weapon."
				]
			}
		},
		{
			"name": "Weapon +3",
			"type": "GV",
			"entries": [
				"You have a +3 bonus to attack and damage rolls made with this weapon."
			],
			"requires": {
				"weapon": true
			},
			"excludes": {
				"name": "Net"
			},
			"inherits": {
				"genericBonus": "+3",
				"tier": "Major",
				"rarity": "Very Rare",
				"source": "DMG",
				"page": "213",
				"nameSuffix": " +3",
				"entries": [
					"You have a {@genericBonus} bonus to attack and damage rolls made with this weapon."
				]
			}
		},
		{
			"name": "Weapon of Warning",
			"type": "GV",
			"requires": {
				"weapon": true
			},
			"inherits": {
				"tier": "Major",
				"rarity": "Uncommon",
				"source": "DMG",
				"page": "213",
				"nameSuffix": " of Warning",
				"entries": [
					"This magic weapon warns you of danger. While the weapon is on your person, you have advantage on initiative rolls. In addition, you and any of your companions within 30 feet of you can't be surprised, except when incapacitated by something other than nonmagical sleep. The weapon magically awakens you and your companions within range if any of you are sleeping naturally when combat begins."
				]
			}
		},
		{
			"name": "Berserker Axe",
			"type": "GV",
			"requires": {
				"axe": true
			},
			"inherits": {
				"tier": "Major",
				"rarity": "Rare",
				"source": "DMG",
				"page": "155",
				"reqAttune": "YES",
				"namePrefix": "Berserker ",
				"entries": [
					"You gain a +1 bonus to attack and damage rolls made with this magic weapon. In addition, while you are attuned to this weapon, your hit point maximum increases by 1 for each level you have attained.",
					{
						"type": "entries",
						"name": "Curse",
						"entries": [
							"This axe is cursed, and becoming attuned to it extends the curse to you. As long as you remain cursed, you are unwilling to part with the axe, keeping it within reach at all times. You also have disadvantage on attack rolls with weapons other than this one, unless no foe is within 60 feet of you that you can see or hear."
						]
					},
					"Whenever a hostile creature damages you while the axe is in your possession, you must succeed on a DC 15 Wisdom saving throw or go berserk. While berserk, you must use your action each round to attack the creature nearest to you with the axe. If you can make extra attacks as part of the Attack action, you use those extra attacks, moving to attack the next nearest creature after you fell your current target. If you have multiple possible targets, you attack one at random. You are berserk until you start your turn with no creatures within 60 feet of you that you can see or hear."
				],
				"modifier": [
					{
						"_category": "bonus",
						"__text": "melee attacks +1",
						"toString": [
							null
						]
					},
					{
						"_category": "bonus",
						"__text": "melee damage +1",
						"toString": [
							null
						]
					}
				]
			}
		},
		{
			"name": "Dancing Sword",
			"type": "GV",
			"requires": {
				"sword": true
			},
			"inherits": {
				"tier": "Major",
				"rarity": "Very Rare",
				"source": "DMG",
				"page": "161",
				"reqAttune": "YES",
				"namePrefix": "Dancing ",
				"entries": [
					"You can use a bonus action to toss this magic sword into the air and speak the command word. When you do so, the sword begins to hover, flies up to 30 feet, and attacks one creature of your choice within 5 feet of it. The sword uses your attack roll and ability score modifier to damage rolls.",
					"While the sword hovers, you can use a bonus action to cause it to fly up to 30 feet to another spot within 30 feet of you. As part of the same bonus action, you can cause the sword to attack one creature within 5 feet of it.",
					"After the hovering sword attacks for the fourth time, it flies up to 30 feet and tries to return to your hand. If you have no hand free, it falls to the ground at your feet. If the sword has no unobstructed path to you, it moves as close to you as it can and then falls to the ground. It also ceases to hover if you grasp it or move more than 30 feet away from it."
				]
			}
		},
		{
			"name": "Defender",
			"type": "GV",
			"requires": {
				"sword": true
			},
			"inherits": {
				"tier": "Major",
				"rarity": "Legendary",
				"source": "DMG",
				"page": "164",
				"reqAttune": "YES",
				"namePrefix": "Defender ",
				"entries": [
					"You gain a +3 bonus to attack and damage rolls made with this magic weapon.",
					"The first time you attack with the sword on each of your turns, you can transfer some or all of the sword's bonus to your Armor Class, instead of using the bonus on any attacks that turn. For example, you could reduce the bonus to your attack and damage rolls to +1 and gain a +2 bonus to AC. The adjusted bonuses remain in effect until the start of your next turn, although you must hold the sword to gain a bonus to AC from it."
				]
			}
		},
		{
			"name": "Dragon Slayer",
			"type": "GV",
			"requires": {
				"sword": true
			},
			"inherits": {
				"tier": "Major",
				"rarity": "Rare",
				"source": "DMG",
				"page": "166",
				"namePrefix": "Dragon Slayer ",
				"entries": [
					"You gain a +1 bonus to attack and damage rolls made with this magic weapon.",
					"When you hit a dragon with this weapon, the dragon takes an extra 3d6 damage of the weapon's type. For the purpose of this weapon, \"dragon\" refers to any creature with the dragon type, including dragon turtles and wyverns."
				],
				"modifier": [
					{
						"_category": "bonus",
						"__text": "melee attacks +1",
						"toString": [
							null
						]
					},
					{
						"_category": "bonus",
						"__text": "melee damage +1",
						"toString": [
							null
						]
					}
				]
			}
		},
		{
			"name": "Flame Tongue",
			"type": "GV",
			"requires": {
				"sword": true
			},
			"inherits": {
				"tier": "Major",
				"rarity": "Rare",
				"source": "DMG",
				"page": "170",
				"reqAttune": "YES",
				"namePrefix": "Flame Tongue ",
				"entries": [
					"You can use a bonus action to speak this magic sword's command word, causing flames to erupt from the blade. These flames shed bright light in a 40-foot radius and dim light for an additional 40 feet. While the sword is ablaze, it deals an extra 2d6 fire damage to any target it hits. The flames last until you use a bonus action to speak the command word again or until you drop or sheathe the sword."
				]
			}
		},
		{
			"name": "Frost Brand",
			"type": "GV",
			"requires": {
				"sword": true
			},
			"inherits": {
				"tier": "Major",
				"rarity": "Very Rare",
				"source": "DMG",
				"page": "171",
				"reqAttune": "YES",
				"namePrefix": "Frost Brand ",
				"entries": [
					"When you hit with an attack using this magic sword, the target takes an extra 1d6 cold damage. In addition, while you hold the sword, you have resistance to fire damage.",
					"In freezing temperatures, the blade sheds bright light in a 10-foot radius and dim light for an additional 10 feet.",
					"When you draw this weapon, you can extinguish all nonmagical flames within 30 feet of you. This property can be used no more than once per hour."
				]
			}
		},
		{
			"name": "Giant Slayer",
			"type": "GV",
			"requires": {
				"axe": true
			},
			"inherits": {
				"tier": "Major",
				"rarity": "Rare",
				"source": "DMG",
				"page": "172",
				"namePrefix": "Giant Slayer ",
				"entries": [
					"You gain a +1 bonus to attack and damage rolls made with this magic weapon.",
					"When you hit a giant with it, the giant takes an extra 2d6 damage of the weapon's type and must succeed on a DC 15 Strength saving throw or fall prone. For the purpose of this weapon, \"giant\" refers to any creature with the giant type, including ettins and trolls."
				],
				"modifier": [
					{
						"_category": "bonus",
						"__text": "melee attacks +1",
						"toString": [
							null
						]
					},
					{
						"_category": "bonus",
						"__text": "melee damage +1",
						"toString": [
							null
						]
					}
				]
			}
		},
		{
			"name": "Giant Slayer Sword",
			"requires": {
				"sword": true
			},
			"inherits": {
				"tier": "Major",
				"rarity": "Rare",
				"source": "DMG",
				"page": "172",
				"namePrefix": "Giant Slayer ",
				"entries": [
					"You gain a +1 bonus to attack and damage rolls made with this magic weapon.",
					"When you hit a giant with it, the giant takes an extra 2d6 damage of the weapon's type and must succeed on a DC 15 Strength saving throw or fall prone. For the purpose of this weapon, \"giant\" refers to any creature with the giant type, including ettins and trolls."
				],
				"modifier": [
					{
						"_category": "bonus",
						"__text": "melee attacks +1",
						"toString": [
							null
						]
					},
					{
						"_category": "bonus",
						"__text": "melee damage +1",
						"toString": [
							null
						]
					}
				]
			},
			"noDisplay": true
		},
		{
			"name": "Holy Avenger",
			"type": "GV",
			"requires": {
				"sword": true
			},
			"inherits": {
				"tier": "Major",
				"rarity": "Legendary",
				"source": "DMG",
				"page": "174",
				"namePrefix": "Holy Avenger ",
				"reqAttune": "by a Paladin",
				"entries": [
					"You gain a +3 bonus to attack and damage rolls made with this magic weapon. When you hit a fiend or an undead with it, that creature takes an extra 2d10 radiant damage.",
					"While you hold the drawn sword, it creates an aura in a 10-foot radius around you. You and all creatures friendly to you in the aura have advantage on saving throws against spells and other magical effects. If you have 17 or more levels in the paladin class, the radius of the aura increases to 30 feet."
				],
				"modifier": [
					{
						"_category": "bonus",
						"__text": "melee attacks +3",
						"toString": [
							null
						]
					},
					{
						"_category": "bonus",
						"__text": "melee damage +3",
						"toString": [
							null
						]
					}
				]
			}
		},
		{
			"name": "Luck Blade",
			"type": "GV",
			"entries": [
				"You gain a +1 bonus to attack and damage rolls made with this magic weapon. While the sword is on your person, you also gain a +1 bonus to saving throws.",
				{
					"type": "entries",
					"name": "Luck",
					"entries": [
						"If the sword is on your person, you can call on its luck (no action required) to reroll one attack roll, ability check, or saving throw you dislike. You must use the second roll. This property can't be used again until the next dawn."
					]
				},
				{
					"type": "entries",
					"name": "Wish",
					"entries": [
						"The sword has 1d4-1 charges. While holding it, you can use an action to expend 1 charge and cast the <a href=\"spells.html#wish_phb\" target=\"_blank\">wish</a> spell from it. This property can't be used again until the next dawn. The sword loses this property if it has no charges."
					]
				}
			],
			"requires": {
				"sword": true
			},
			"inherits": {
				"tier": "Major",
				"rarity": "Legendary",
				"source": "DMG",
				"page": "179",
				"namePrefix": "Luck Blade ",
				"reqAttune": "YES",
				"entries": [
					"You gain a +1 bonus to attack and damage rolls made with this magic weapon. While the sword is on your person, you also gain a +1 bonus to saving throws.",
					{
						"type": "entries",
						"name": "Luck",
						"entries": [
							"If the sword is on your person, you can call on its luck (no action required) to reroll one attack roll, ability check, or saving throw you dislike. You must use the second roll. This property can't be used again until the next dawn."
						]
					},
					{
						"type": "entries",
						"name": "Wish",
						"entries": [
							"The sword has 1d4-1 charges. While holding it, you can use an action to expend 1 charge and cast the <a href=\"spells.html#wish_phb\" target=\"_blank\">wish</a> spell from it. This property can't be used again until the next dawn. The sword loses this property if it has no charges."
						]
					}
				],
				"modifier": [
					{
						"_category": "bonus",
						"__text": "melee attacks +1",
						"toString": [
							null
						]
					},
					{
						"_category": "bonus",
						"__text": "melee damage +1",
						"toString": [
							null
						]
					},
					{
						"_category": "bonus",
						"__text": "saving throws +1",
						"toString": [
							null
						]
					}
				]
			}
		},
		{
			"name": "Mind Blade",
			"type": "GV",
			"requires": {
				"sword": true
			},
			"inherits": {
				"rarity": "Rare",
				"source": "VGM",
				"page": "81",
				"namePrefix": "Mind Blade ",
				"reqAttune": "by a specific individual",
				"entries": [
					"Mind flayers can turn any nonmagical sword into a mind blade. Only one creature can attune to it: either a specific mind flayer or one of its thralls. In the hands of any other creature, the mind blade functions as a normal sword of its kind. In the hands of its intended wielder, the mind blade is a magic weapon that deals an extra 2d6 psychic damage to any target it hits."
				]
			}
		},
		{
			"name": "Nine Lives Stealer",
			"type": "GV",
			"requires": {
				"sword": true
			},
			"inherits": {
				"tier": "Major",
				"rarity": "Very Rare",
				"source": "DMG",
				"page": "183",
				"namePrefix": "Nine Lives Stealer ",
				"reqAttune": "YES",
				"entries": [
					"You gain a +2 bonus to attack and damage rolls made with this magic weapon.",
					"The sword has 1d8+1 charges. If you score a critical hit against a creature that has fewer than 100 hit points, it must succeed on a DC 15 Constitution saving throw or be slain instantly as the sword tears its life force from its body (a construct or an undead is immune). The sword loses 1 charge if the creature is slain. When the sword has no charges remaining, it loses this property."
				],
				"modifier": [
					{
						"_category": "bonus",
						"__text": "melee attacks +2",
						"toString": [
							null
						]
					},
					{
						"_category": "bonus",
						"__text": "melee damage +2",
						"toString": [
							null
						]
					}
				]
			}
		},
		{
			"name": "Sword of Life Stealing",
			"type": "GV",
			"requires": {
				"sword": true
			},
			"inherits": {
				"tier": "Major",
				"rarity": "Rare",
				"source": "DMG",
				"page": "206",
				"nameSuffix": " of Life Stealing",
				"reqAttune": "YES",
				"entries": [
					"When you attack a creature with this magic weapon and roll a 20 on the attack roll, that target takes an extra 10 necrotic damage if it isn't a construct or an undead. You also gain 10 temporary hit points."
				]
			}
		},
		{
			"name": "Sword of Sharpness",
			"type": "GV",
			"requires": {
				"sword": true,
				"dmgType": "S"
			},
			"inherits": {
				"tier": "Major",
				"rarity": "Very Rare",
				"source": "DMG",
				"page": "206",
				"nameSuffix": " of Sharpness",
				"reqAttune": "YES",
				"entries": [
					"When you attack an object with this magic sword and hit, maximize your weapon damage dice against the target.",
					"When you attack a creature with this weapon and roll a 20 on the attack roll, that target takes an extra 14 slashing damage. Then roll another d20. If you roll a 20, you lop off one of the target's limbs, with the effect of such loss determined by the DM. If the creature has no limb to sever, you lop off a portion of its body instead.",
					"In addition, you can speak the sword's command to cause the blade to shed bright light in a 10-foot radius and dim light for an additional 10 feet. Speaking the command word again or sheathing the sword puts out the light."
				]
			}
		},
		{
			"name": "Sword of Vengeance",
			"type": "GV",
			"requires": {
				"sword": true
			},
			"inherits": {
				"tier": "Major",
				"rarity": "Uncommon",
				"source": "DMG",
				"page": "206",
				"nameSuffix": " of Vengeance",
				"reqAttune": "YES",
				"entries": [
					"You gain a +1 bonus to attack and damage rolls made with this magic weapon.",
					"Curse. This sword is cursed and possessed by a vengeful spirit. Becoming attuned to it extends the curse to you. As long as you remain cursed, you are unwilling to part with the sword, keeping it on your person at all times. While attuned to this weapon, you have disadvantage on attack rolls made with weapons other than this one.",
					"In addition, while the sword is on your person, you must succeed on a DC 15 Wisdom saving throw whenever you take damage in combat. On a failed save you must attack the creature that damaged you until you drop to 0 hit points or it does, or until you can't reach the creature to make a melee attack against it.",
					"You can break the curse in the usual ways. Alternatively, casting <a href=\"spells.html#banishment_phb\" target=\"_blank\">banishment</a> on the sword forces the vengeful spirit to leave it. The sword then becomes a +1 weapon with no other properties."
				],
				"modifier": [
					{
						"_category": "bonus",
						"__text": "melee attacks +1",
						"toString": [
							null
						]
					},
					{
						"_category": "bonus",
						"__text": "melee damage +1",
						"toString": [
							null
						]
					}
				]
			}
		},
		{
			"name": "Sword of Wounding",
			"type": "GV",
			"requires": {
				"sword": true
			},
			"inherits": {
				"tier": "Major",
				"rarity": "Rare",
				"source": "DMG",
				"page": "207",
				"nameSuffix": " of Wounding",
				"reqAttune": "YES",
				"entries": [
					"Hit points lost to this weapon's damage can be regained only through a short or long rest, rather than by regeneration, magic, or any other means.",
					"Once per turn, when you hit a creature with an attack using this magic weapon, you can wound the target. At the start of each of the wounded creature's turns, it takes 1d4 necrotic damage for each time you've wounded it, and it can then make a DC 15 Constitution saving throw, ending the effect of all such wounds on itself on a success. Alternatively, the wounded creature, or a creature within 5 feet of it, can use an action to make a DC 15 Wisdom ({@skill Medicine}) check, ending the effect of such wounds on it on a success."
				]
			}
		},
		{
			"name": "Vicious Weapon",
			"type": "GV",
			"requires": {
				"weapon": true
			},
			"excludes": {
				"name": "Net"
			},
			"inherits": {
				"tier": "Major",
				"rarity": "Rare",
				"source": "DMG",
				"page": "209",
				"namePrefix": "Vicious ",
				"entries": [
					"When you roll a 20 with this magic weapon, the target takes an extra 7 {@dmgType} damage.",
					"NOTE: D&amp;D Beyond and roll20 both say it is an extra 2d6 {@dmgType} damage."
				]
			}
		},
		{
			"name": "Vorpal Sword",
			"type": "GV",
			"requires": {
				"sword": true,
				"dmgType": "S"
			},
			"inherits": {
				"tier": "Major",
				"rarity": "Legendary",
				"source": "DMG",
				"page": "209",
				"namePrefix": "Vorpal ",
				"reqAttune": "YES",
				"entries": [
					"You gain a +3 bonus to attack and damage rolls made with this magic weapon. In addition, the weapon ignores resistance to slashing damage.",
					"When you attack a creature that has at least one head with this weapon and roll a 20 on the attack roll, you cut off one of the creature's heads. The creature dies if it can't survive without the lost head. A creature is immune to this effect if it is immune to slashing damage, doesn't have or need a head, has legendary actions, or the DM decides that the creature is too big for its head to be cut off with this weapon. Such a creature instead takes an extra 6d8 slashing damage from the hit."
				],
				"modifier": [
					{
						"_category": "bonus",
						"__text": "melee attacks +3",
						"toString": [
							null
						]
					},
					{
						"_category": "bonus",
						"__text": "melee damage +3",
						"toString": [
							null
						]
					}
				]
			}
		}
	]
}
