{
	"reward": [
		{
			"name": "Boon of Combat Prowess",
			"text": [
				"When you miss with a melee weapon attack, you can choose to hit instead. Once you use this boon, you can't use it again until you finish a short rest."
			],
			"source": "DMG",
			"type": "Boon"
		},
		{
			"name": "Boon of Dimensional Travel",
			"text": [
				"As an action, you can cast the <i>misty step</i> spell, without using a spell slot or any components. Once you do so, you can't use this boon again until you finish a short rest."
			],
			"source": "DMG",
			"type": "Boon"
		},
		{
			"name": "Boon of Fate",
			"text": [
				"When another creature that you can see within 60 feet of you makes an ability check, an attack roll, or a saving throw, you can roll a d10 and apply the result as a bonus or penalty to the roll. Once you use this boon, you can't use it again until you finish a short rest."
			],
			"source": "DMG",
			"type": "Boon"
		},
		{
			"name": "Boon of Fortitude",
			"text": [
				"Your hit point maximum increases by 40."
			],
			"source": "DMG",
			"type": "Boon"
		},
		{
			"name": "Boon of High Magic",
			"text": [
				"You gain one 9th-level spell slot, provided that you already have one."
			],
			"source": "DMG",
			"type": "Boon"
		},
		{
			"name": "Boon of Immortality",
			"text": [
				"You stop aging. You are immune to any effect that would age you, and you can't die from old age."
			],
			"source": "DMG",
			"type": "Boon"
		},
		{
			"name": "Boon of Invincibility",
			"text": [
				"When you take damage from any source, you can reduce that damage to 0. Once you use this boon, you can't use it again until you finish a short rest."
			],
			"source": "DMG",
			"type": "Boon"
		},
		{
			"name": "Boon of Irresistible Offense",
			"text": [
				"You can bypass the damage resistances of any creature."
			],
			"source": "DMG",
			"type": "Boon"
		},
		{
			"name": "Boon of Luck",
			"text": [
				"You can add a d10 roll to any ability check, attack roll, or saving throw you make. Once you use this boon, you can't use it again until you finish a short rest. "
			],
			"source": "DMG",
			"type": "Boon"
		},
		{
			"name": "Boon of Magic Resistance",
			"text": [
				"You have advantage on saving throws against spells and other magical effects."
			],
			"source": "DMG",
			"type": "Boon"
		},
		{
			"name": "Boon of Peerless Aim",
			"text": [
				"You can give yourself a +20 bonus to a ranged attack roll you make. Once you use this boon, you can't use it again until you finish a short rest."
			],
			"source": "DMG",
			"type": "Boon"
		},
		{
			"name": "Boon of Perfect Health",
			"text": [
				"You are immune to all diseases and poisons, and you have advantage on Constitution saving throws."
			],
			"source": "DMG",
			"type": "Boon"
		},
		{
			"name": "Boon of Planar Travel",
			"text": [
				"When you gain this boon, choose a plane of existence other than the Material Plane. You can now use an action to cast the <i>plane shift</i> spell (no spell slot or components required), targeting yourself only, and travel to the chosen plane, or from that plane back to the Material Plane. Once you use this boon, you can't use it again until you finish a short rest."
			],
			"source": "DMG",
			"type": "Boon"
		},
		{
			"name": "Boon of Quick Casting",
			"text": [
				"Choose one of your spells of 1st through 3rd level that has a casting time of 1 action. That spell's casting time is now 1 bonus action for you."
			],
			"source": "DMG",
			"type": "Boon"
		},
		{
			"name": "Boon of Recovery",
			"text": [
				"You can use a bonus action to regain a number of hit points equal to half your hit point maximum. Once you use this boon, you can't use it again until you finish a long rest."
			],
			"source": "DMG",
			"type": "Boon"
		},
		{
			"name": "Boon of Resilience",
			"text": [
				"You have resistance to bludgeoning, piercing, and slashing damage from nonmagical weapons."
			],
			"source": "DMG",
			"type": "Boon"
		},
		{
			"name": "Boon of Skill Proficiency",
			"text": [
				"You gain proficiency in all skills."
			],
			"source": "DMG",
			"type": "Boon"
		},
		{
			"name": "Boon of Speed",
			"text": [
				"Your walking speed increases by 30 feet. In addition, you can use a bonus action to take the Dash or Disengage action. Once you do so, you can't do so again until you finish a short rest."
			],
			"source": "DMG",
			"type": "Boon"
		},
		{
			"name": "Boon of Spell Mastery",
			"text": [
				"Choose one 1st-level sorcerer, warlock, or wizard spell that you can cast. You can now cast that spell at its lowest level without expending a spell slot."
			],
			"source": "DMG",
			"type": "Boon"
		},
		{
			"name": "Boon of Spell Recall",
			"text": [
				"You can cast any spell you know or have prepared without expending a spell slot. Once you do so, you can't use this boon again until you finish a long rest."
			],
			"source": "DMG",
			"type": "Boon"
		},
		{
			"name": "Boon of the Fire Soul",
			"text": [
				"You have immunity to fire damage. You can also cast <i>burning hands</i> (save DC 15) at will, without using a spell slot or any components. "
			],
			"source": "DMG",
			"type": "Boon"
		},
		{
			"name": "Boon of the Night Spirit",
			"text": [
				"While completely in an area of dim light or darkness, you can become invisible as an action. You remain invisible until you take an action or a reaction. "
			],
			"source": "DMG",
			"type": "Boon"
		},
		{
			"name": "Boon of the Stormborn",
			"text": [
				"You have immunity to lightning and thunder damage. You can also cast <i>thunderwave</i> (save DC 15) at will, without using a spell slot or any components."
			],
			"source": "DMG",
			"type": "Boon"
		},
		{
			"name": "Boon of the Unfettered",
			"text": [
				"You have advantage on ability checks made to resist being grappled. In addition, you can use an action to automatically escape a grapple or free yourself of restraints of any kind. "
			],
			"source": "DMG",
			"type": "Boon"
		},
		{
			"name": "Boon of Truesight",
			"text": [
				"You have truesight out to a range of 60 feet."
			],
			"source": "DMG",
			"type": "Boon"
		},
		{
			"name": "Boon of Undetectability",
			"text": [
				"You gain a +10 bonus to Dexterity (Stealth) checks, and you can't be detected or targeted by divination magic, including scrying sensors."
			],
			"source": "DMG",
			"type": "Boon"
		},
		{
			"name": "Blessing of Health",
			"text": [
				"Your Constitution score increases by 2, up to a maximum of 22."
			],
			"source": "DMG",
			"type": "Blessing"
		},
		{
			"name": "Blessing of Magic Resistance",
			"text": [
				"You have advantage on saving throws against spells and other magical effects."
			],
			"source": "DMG",
			"type": "Blessing"
		},
		{
			"name": "Blessing of Protection",
			"text": [
				"You gain a +1 bonus to AC and saving throws."
			],
			"source": "DMG",
			"type": "Blessing"
		},
		{
			"name": "Blessing of Understanding",
			"text": [
				"Your Wisdom score increases by 2, up to a maximum of 22."
			],
			"source": "DMG",
			"type": "Blessing"
		},
		{
			"name": "Blessing of Valhalla",
			"text": [
				"This blessing grants you the power to summon spirit warriors, as if you had blown a silver <i>horn of Valhalla</i>. Once you use this blessing, you can't use it again until 7 days have passed."
			],
			"source": "DMG",
			"type": "Blessing"
		},
		{
			"name": "Blessing of Weapon Enhancement",
			"text": [
				"One nonmagical weapon in your possession becomes a <i>+1 weapon</i> whenever you wield it."
			],
			"source": "DMG",
			"type": "Blessing"
		},
		{
			"name": "Blessing of Wound Closure",
			"text": [
				"This blessing grants you the benefits of a <i>periapt of wound closure</i>."
			],
			"source": "DMG",
			"type": "Blessing"
		},
		{
			"name": "Charm of Animal Conjuring",
			"text": [
				"This charm allows you to cast the <i>conjure animals</i> spell (3rd-level version) as an action. Once used three times, the charm vanishes from you."
			],
			"source": "DMG",
			"type": "Charm"
		},
		{
			"name": "Charm of Darkvision",
			"text": [
				"This charm allows you to cast the <i>darkvision</i> spell as an action, no components required. Once used three times, the charm goes away."
			],
			"source": "DMG",
			"type": "Charm"
		},
		{
			"name": "Charm of Feather Falling",
			"text": [
				"This charm grants you the benefits of a <i>ring of feather falling</i>. These benefits last for 10 days, after which the charm vanishes from you."
			],
			"source": "DMG",
			"type": "Charm"
		},
		{
			"name": "Charm of Heroism",
			"text": [
				"This charm allows you to give yourself the benefit of a <i>potion of heroism</i> as an action. Once you do so, the charm vanishes from you."
			],
			"source": "DMG",
			"type": "Charm"
		},
		{
			"name": "Charm of Restoration",
			"text": [
				"This charm has 6 charges. You can use an action to expend some of its charges to cast one of the following spells: <i>greater restoration</i> (4 charges) or <i>lesser restoration</i> (2 charges). Once all its charges have been expended, the charm vanishes from you."
			],
			"source": "DMG",
			"type": "Charm"
		},
		{
			"name": "Charm of Vitality",
			"text": [
				"This charm allows you to give yourself the benefit of a <i>potion of vitality</i> as an action. Once you do so, the charm vanishes from you."
			],
			"source": "DMG",
			"type": "Charm"
		},
		{
			"name": "Charm of the Slayer",
			"text": [
				"One sword in your possession becomes a <i>dragon slayer</i> or <i>giant slayer</i> (DM's choice) for the next 9 days. The charm then vanishes from you and the weapon returns to normal."
			],
			"source": "DMG",
			"type": "Charm"
		},
		{
			"name": "Baphomet",
			"ability": {
				"text": "Up to a +4 bonus to Strength, Wisdom, or both"
			},
			"signaturespells": {
				"text": "Hunter's mark (1st level), beast sense (2nd level), slow (3rd level)"
			},
			"text": [
				"Baphomet grants the gifts of cunning and physical power. He grants his rank and file followers the Unerring Tracker trait, and cult leaders gain the Incite the Hunters trait. All of his devotees also gain the Labyrinthine Recall trait.",
				{
					"hassubtitle": "YES",
					"title": "Unerring Tracker",
					"text": "As a bonus action, this creature magically creates a psychic link with one creature it can see. For the next hour, as a bonus action this creature learns the current distance and direction to the target if it is on the same plane of existence. The link ends if this creature is incapacitated or if it uses this ability on a different target."
				},
				{
					"hassubtitle": "YES",
					"title": "Incite the Hunters (Recharges after a Short or Long Rest)",
					"text": "As an action, this creature allows each ally within 30 feet of it that has the Unerring Tracker trait to make one weapon attack as a reaction against the target of that ally's Unerring Tracker."
				},
				{
					"hassubtitle": "YES",
					"title": "Labyrinthine Recall",
					"text": "This creature can perfectly recall any path it has traveled."
				}
			],
			"type": "Demonic Boon",
			"source": "UAFiendishOptions"
		},
		{
			"name": "Demogorgon",
			"ability": {
				"text": "Up to a +4 bonus to Strength, Charisma, or both"
			},
			"signaturespells": {
				"text": "Charm person (1st level), enlarge/reduce (2nd level), vampiric touch (3rd level)"
			},
			"text": [
				"Demogorgon's followers are typically lone killers driven by the whispering voice of their master. His most blessed followers gain the Two Minds of Madness trait.",
				{
					"hassubtitle": "YES",
					"title": "Two Minds of Madness",
					"text": "This creature has advantage on all Intelligence, Wisdom, and Charisma saving throws."
				}
			],
			"type": "Demonic Boon",
			"source": "UAFiendishOptions"
		},
		{
			"name": "Fraz-Urb'luu",
			"ability": {
				"text": "Up to a +4 bonus to Wisdom, Charisma, or both"
			},
			"signaturespells": {
				"text": "Minor illusion (cantrip), disguise self (1st level), invisibility (2nd level), hypnotic pattern (3rd level)"
			},
			"text": [
				"As a master of deceit, Fraz-Urb'luu teaches his initiates the secrets of lies and illusions. They can also gain the Liar's Eye trait.",
				{
					"hassubtitle": "YES",
					"title": "Liar's Eye",
					"text": "This creature has advantage on Wisdom (Insight or Perception) checks.<br> As a bonus action, it automatically detects the location of all illusions and hidden creatures within 15 feet of it."
				}
			],
			"type": "Demonic Boon",
			"source": "UAFiendishOptions"
		},
		{
			"name": "Graz'zt",
			"ability": {
				"text": "Up to a +4 bonus to Constitution, Charisma, or both"
			},
			"signaturespells": {
				"text": "False life (1st level), hold person (2nd level), fear (3rd level)"
			},
			"text": [
				"The Lord of Forbidden Pleasures grants his cultists the ability to transform even the most hideous pain into pleasure. His cultists gain the Joy from Pain trait, while his cult leaders gain the Master of Pleasures trait.",
				{
					"hassubtitle": "YES",
					"title": "Joy from Pain",
					"text": "Whenever this creature suffers a critical hit, it can make one melee weapon attack as a reaction."
				},
				{
					"hassubtitle": "YES",
					"title": "Master of Pleasures",
					"text": "As a reaction when this creature takes damage, it can magically grant 5 temporary hit points to itself and up to three allies within 30 feet of it."
				}
			],
			"type": "Demonic Boon",
			"source": "UAFiendishOptions"
		},
		{
			"name": "Juiblex",
			"ability": {
				"text": "Up to a +8 bonus to Constitution, with an equal penalty to Intelligence, Wisdom, and Charisma"
			},
			"signaturespells": {},
			"text": [
				"The Faceless Lord's followers are bizarre loners who prefer the company of slimes and oozes to other creatures. They gain the hardiness of a slime at the cost of their minds. Lesser followers gain the Liquid Movement trait. The most dedicated devotees of ooze also gain the Slimy Organs trait.",
				{
					"hassubtitle": "YES",
					"title": "Liquid Movement",
					"text": "As an action, this creature can move up to 20 feet through spaces no more than an inch in diameter. It must end this movement in a space that can accommodate its full size. Otherwise, it takes 5 force damage and returns to the space where it began this movement."
				},
				{
					"hassubtitle": "YES",
					"title": "Slimy Organs",
					"text": "This creature has resistance to bludgeoning, piercing, and slashing damage from nonmagical attacks.<br> Whenever it suffers a critical hit or is reduced to 0 hit points, all creatures within 5 feet of it take acid damage equal to its number of Hit Dice."
				}
			],
			"type": "Demonic Boon",
			"source": "UAFiendishOptions"
		},
		{
			"name": "Orcus",
			"ability": {
				"text": "Up to a +4 bonus to Intelligence, Wisdom, or both"
			},
			"signaturespells": {
				"text": "False life (1st level), ray of enfeeblement (2nd level), animate dead (3rd level)"
			},
			"text": [
				"In most cases, Orcus transforms his followers into undead creatures such as ghouls and wights. Sometimes he needs his followers to retain their mortal forms, to more easily infiltrate a kingdom or city. He grants rank and file cultists the Undying Soul trait, and his cult leaders gain the Aura of Death trait.",
				{
					"hassubtitle": "YES",
					"title": "Undying Soul (Recharges after a Short or Long Rest)",
					"text": "If this creature is reduced to 0 hit points, it immediately makes a DC 10 Constitution saving throw. If it succeeds, it is instead reduced to 1 hit point."
				},
				{
					"hassubtitle": "YES",
					"title": "Aura of Death",
					"text": "This creature emanates a deathly aura that extends 30 feet in every direction from its space while it isn't incapacitated. The aura is blocked by total cover. While in the aura, the creature and any friendly undead are immune to the frightened condition and have resistance to radiant damage. Enemies suffer disadvantage on death saving throws while in the aura."
				}
			],
			"type": "Demonic Boon",
			"source": "UAFiendishOptions"
		},
		{
			"name": "Yeenoghu",
			"ability": {
				"text": "Up to a +4 bonus to Strength and Dexterity, with an equal penalty to Intelligence and Charisma"
			},
			"signaturespells": {
				"text": "Tasha's hideous laughter (1st level), crown of madness (2nd level), fear (3rd level)"
			},
			"text": [
				"Yeenoghu's followers form roving packs of cannibalistic marauders. They grow more like gnolls in temperament and action with each passing day. His most devoted followers gain the Gnashing Jaws action option and the Rampage trait, while cult leaders gain the Aura of Bloodthirst trait.",
				{
					"hassubtitle": "YES",
					"title": "Gnashing Jaws",
					"text": "Melee Weapon Attack: bonus to hit equal to this creature's proficiency bonus plus its Strength modifier, reach 5 ft., one target. Hit: 1d4 + this creature's Strength modifier piercing damage."
				},
				{
					"hassubtitle": "YES",
					"title": "Rampage",
					"text": "When this creature reduces a creature to 0 hit points with a melee attack on its turn, it can take a bonus action to move up to half its speed and make its Gnashing Jaws attack once."
				},
				{
					"hassubtitle": "YES",
					"title": "Aura of Bloodthirst",
					"text": "If this creature isn't incapacitated, any creature with the Rampage trait can make its Gnashing Jaws attack as a bonus action while within 10 feet of this creature."
				}
			],
			"type": "Demonic Boon",
			"source": "UAFiendishOptions"
		},
		{
			"name": "Zuggtmoy",
			"ability": {
				"text": "Up to a +4 bonus to Constitution, with an equal penalty to Intelligence, Wisdom, and Charisma"
			},
			"signaturespells": {},
			"text": [
				"Zuggtmoy's followers are primarily mindless victims of her children's strange spores. The spores burrow into a victim's brain, turning it into a fanatic servitor. They gain the Spore Kissed trait.",
				{
					"hassubtitle": "YES",
					"title": "Spore Kissed",
					"text": "This creature is immune to the charmed and frightened conditions. In addition, if it is reduced to 0 hit points, each creature within 10 feet of it takes poison damage equal to its number of Hit Dice."
				}
			],
			"type": "Demonic Boon",
			"source": "UAFiendishOptions"
		}
	]
}