{
	"spell": [
		{
			"name": "Acid Splash",
			"source": "PHB",
			"data": {
				"Save": "Dexterity",
				"Damage": "1d6",
				"Damage Type": "Acid",
				"Damage Progression": "Cantrip Dice"
			}
		},
		{
			"name": "Aid",
			"source": "PHB",
			"data": {}
		},
		{
			"name": "Alarm",
			"source": "PHB",
			"data": {}
		},
		{
			"name": "Alter Self",
			"source": "PHB",
			"data": {}
		},
		{
			"name": "Animal Friendship",
			"source": "PHB",
			"data": {
				"Save": "Wisdom"
			}
		},
		{
			"name": "Animal Messenger",
			"source": "PHB",
			"data": {}
		},
		{
			"name": "Animal Shapes",
			"source": "PHB",
			"data": {}
		},
		{
			"name": "Animate Dead",
			"source": "PHB",
			"data": {}
		},
		{
			"name": "Animate Objects",
			"source": "PHB",
			"data": {}
		},
		{
			"name": "Antilife Shell",
			"source": "PHB",
			"data": {}
		},
		{
			"name": "Antimagic Field",
			"source": "PHB",
			"data": {}
		},
		{
			"name": "Antipathy/Sympathy",
			"source": "PHB",
			"data": {}
		},
		{
			"name": "Arcane Eye",
			"source": "PHB",
			"data": {}
		},
		{
			"name": "Arcane Gate",
			"source": "PHB",
			"data": {}
		},
		{
			"name": "Arcane Lock",
			"source": "PHB",
			"data": {}
		},
		{
			"name": "Armor of Agathys",
			"source": "PHB",
			"data": {
				"Damage": "5",
				"Damage Type": "Cold",
				"Higher Spell Slot Bonus": "5"
			}
		},
		{
			"name": "Arms of Hadar",
			"source": "PHB",
			"data": {
				"Save": "Strength",
				"Damage": "2d6",
				"Damage Type": "Necrotic",
				"Save Success": "Half damage and can take reactions",
				"Higher Spell Slot Die": "d6",
				"Higher Spell Slot Dice": "1",
				"Target": "Each creature within 10 feet of you"
			}
		},
		{
			"name": "Astral Projection",
			"source": "PHB",
			"data": {}
		},
		{
			"name": "Augury",
			"source": "PHB",
			"data": {}
		},
		{
			"name": "Aura of Life",
			"source": "PHB",
			"data": {}
		},
		{
			"name": "Aura of Purity",
			"source": "PHB",
			"data": {}
		},
		{
			"name": "Aura of Vitality",
			"source": "PHB",
			"data": {
				"Healing": "2d6"
			}
		},
		{
			"name": "Awaken",
			"source": "PHB",
			"data": {}
		},
		{
			"name": "Bane",
			"source": "PHB",
			"data": {
				"Save": "Charisma"
			}
		},
		{
			"name": "Banishing Smite",
			"source": "PHB",
			"data": {
				"Damage": "5d10",
				"Damage Type": "Force"
			}
		},
		{
			"name": "Banishment",
			"source": "PHB",
			"data": {
				"Save": "Charisma"
			}
		},
		{
			"name": "Barkskin",
			"source": "PHB",
			"data": {}
		},
		{
			"name": "Beacon of Hope",
			"source": "PHB",
			"data": {}
		},
		{
			"name": "Beast Sense",
			"source": "PHB",
			"data": {}
		},
		{
			"name": "Bestow Curse",
			"source": "PHB",
			"data": {
				"Save": "Wisdom"
			}
		},
		{
			"name": "Bigby's Hand",
			"source": "PHB",
			"data": {
				"Spell Attack": "Melee"
			}
		},
		{
			"name": "Blade Barrier",
			"source": "PHB",
			"data": {
				"Save": "Dexterity",
				"Damage": "6d10",
				"Damage Type": "Slashing",
				"Save Success": "Half damage"
			}
		},
		{
			"name": "Blade Ward",
			"source": "PHB",
			"data": {}
		},
		{
			"name": "Bless",
			"source": "PHB",
			"data": {}
		},
		{
			"name": "Blight",
			"source": "PHB",
			"data": {
				"Save": "Constitution",
				"Damage": "8d8",
				"Damage Type": "Necrotic",
				"Save Success": "Half damage",
				"Higher Spell Slot Die": "d8",
				"Higher Spell Slot Dice": "1"
			}
		},
		{
			"name": "Blinding Smite",
			"source": "PHB",
			"data": {
				"Save": "Constitution",
				"Damage": "3d8",
				"Damage Type": "Radiant",
				"Save Success": "Not blinded"
			}
		},
		{
			"name": "Blindness/Deafness",
			"source": "PHB",
			"data": {}
		},
		{
			"name": "Blink",
			"source": "PHB",
			"data": {}
		},
		{
			"name": "Blur",
			"source": "PHB",
			"data": {}
		},
		{
			"name": "Branding Smite",
			"source": "PHB",
			"data": {
				"Damage": "2d6",
				"Damage Type": "Radiant",
				"Higher Spell Slot Die": "d6",
				"Higher Spell Slot Dice": "1"
			}
		},
		{
			"name": "Burning Hands",
			"source": "PHB",
			"data": {
				"Save": "Dexterity",
				"Damage": "3d6",
				"Target": "Every creature in a 15-foot cone",
				"Damage Type": "Fire",
				"Save Success": "Half damage",
				"Higher Spell Slot Die": "d6",
				"Higher Spell Slot Dice": "1"
			}
		},
		{
			"name": "Call Lightning",
			"source": "PHB",
			"data": {
				"Save": "Dexterity",
				"Damage": "3d10",
				"Target": "Each creature in a 5-foot radius centered on a point you can see within range",
				"Damage Type": "Lightning",
				"Save Success": "Half damage",
				"Higher Spell Slot Die": "d10",
				"Higher Spell Slot Dice": "1"
			}
		},
		{
			"name": "Calm Emotions",
			"source": "PHB",
			"data": {
				"Save": "Charisma",
				"Target": "Each humanoid in a 20-foot-radius sphere centered on a point within range"
			}
		},
		{
			"name": "Chain Lightning",
			"source": "PHB",
			"data": {
				"Save": "Dexterity",
				"Damage": "10d8",
				"Damage Type": "Lightning",
				"Save Success": "Half damage"
			}
		},
		{
			"name": "Charm Person",
			"source": "PHB",
			"data": {
				"Save": "Wisdom"
			}
		},
		{
			"name": "Chill Touch",
			"source": "PHB",
			"data": {
				"Damage": "1d8",
				"Damage Type": "Necrotic",
				"Spell Attack": "Ranged",
				"Damage Progression": "Cantrip Dice"
			}
		},
		{
			"name": "Chromatic Orb",
			"source": "PHB",
			"data": {
				"Damage": "3d8",
				"Damage Type": "Acid, cold, fire, lightning, poison, or thunder",
				"Spell Attack": "Ranged",
				"Higher Spell Slot Die": "d8",
				"Higher Spell Slot Dice": "1",
				"Target": "A creature that you can see within range"
			}
		},
		{
			"name": "Circle of Death",
			"source": "PHB",
			"data": {
				"Save": "Constitution",
				"Damage": "8d6",
				"Target": "Each creature in a 60-foot-radius sphere from a point within range",
				"Damage Type": "Necrotic",
				"Save Success": "Half damage",
				"Higher Spell Slot Die": "d6",
				"Higher Spell Slot Dice": "2"
			}
		},
		{
			"name": "Circle of Power",
			"source": "PHB",
			"data": {}
		},
		{
			"name": "Clairvoyance",
			"source": "PHB",
			"data": {}
		},
		{
			"name": "Clone",
			"source": "PHB",
			"data": {}
		},
		{
			"name": "Cloud of Daggers",
			"source": "PHB",
			"data": {
				"Damage": "4d4",
				"Damage Type": "Slashing",
				"Target": "A cube 5 feet on each side, centered on a point you choose within range",
				"Higher Spell Slot Die": "d4",
				"Higher Spell Slot Dice": "2"
			}
		},
		{
			"name": "Cloudkill",
			"source": "PHB",
			"data": {
				"Save": "Constitution",
				"Damage": "5d8",
				"Target": "A creature who enters the spell's area for the first time on a turn or starts its turn there",
				"Damage Type": "Poison",
				"Save Success": "Half damage",
				"Higher Spell Slot Die": "d8",
				"Higher Spell Slot Dice": "1"
			}
		},
		{
			"name": "Color Spray",
			"source": "PHB",
			"data": {
				"Damage": "6d10",
				"Target": "Creatures in a 15-foot-cone",
				"Damage Type": "Effect",
				"Higher Spell Slot Die": "d10",
				"Higher Spell Slot Dice": "2"
			}
		},
		{
			"name": "Command",
			"source": "PHB",
			"data": {
				"Save": "Wisdom"
			}
		},
		{
			"name": "Commune",
			"source": "PHB",
			"data": {}
		},
		{
			"name": "Commune with Nature",
			"source": "PHB",
			"data": {}
		},
		{
			"name": "Compelled Duel",
			"source": "PHB",
			"data": {
				"Save": "Wisdom",
				"Save Success": "Unaffected this turn"
			}
		},
		{
			"name": "Comprehend Languages",
			"source": "PHB",
			"data": {}
		},
		{
			"name": "Compulsion",
			"source": "PHB",
			"data": {
				"Save": "Wisdom"
			}
		},
		{
			"name": "Cone of Cold",
			"source": "PHB",
			"data": {
				"Save": "Constitution",
				"Damage": "8d8",
				"Target": "Each creature in a 60-foot cone",
				"Damage Type": "Cold",
				"Save Success": "Half damage",
				"Higher Spell Slot Die": "d8",
				"Higher Spell Slot Dice": "1"
			}
		},
		{
			"name": "Confusion",
			"source": "PHB",
			"data": {
				"Save": "Wisdom",
				"Target": "Each creature in a 10-foot-radius sphere centered on a point within range"
			}
		},
		{
			"name": "Conjure Animals",
			"source": "PHB",
			"data": {
				"Save": "Dexterity",
				"Damage": "3d8",
				"Damage Type": "Same as weapon or ammunition used as component",
				"Save Success": "half damage",
				"Target": "Each creature in a 60-foot cone"
			}
		},
		{
			"name": "Conjure Barrage",
			"source": "PHB",
			"data": {}
		},
		{
			"name": "Conjure Celestial",
			"source": "PHB",
			"data": {}
		},
		{
			"name": "Conjure Elemental",
			"source": "PHB",
			"data": {}
		},
		{
			"name": "Conjure Fey",
			"source": "PHB",
			"data": {}
		},
		{
			"name": "Conjure Minor Elementals",
			"source": "PHB",
			"data": {}
		},
		{
			"name": "Conjure Volley",
			"source": "PHB",
			"data": {
				"Save": "Dexterity",
				"Damage": "8d8",
				"Damage Type": "Same as that of the ammunition or weapon",
				"Save Success": "Half damage",
				"Target": "Each creature in a 40-foot-radius. 20-foot-high cylinder centered on a point within range"
			}
		},
		{
			"name": "Conjure Woodland Beings",
			"source": "PHB",
			"data": {}
		},
		{
			"name": "Contact Other Plane",
			"source": "PHB",
			"data": {}
		},
		{
			"name": "Contagion",
			"source": "PHB",
			"data": {
				"Save": "Constitution",
				"Spell Attack": "Melee"
			}
		},
		{
			"name": "Contingency",
			"source": "PHB",
			"data": {}
		},
		{
			"name": "Continual Flame",
			"source": "PHB",
			"data": {}
		},
		{
			"name": "Control Water",
			"source": "PHB",
			"data": {}
		},
		{
			"name": "Control Weather",
			"source": "PHB",
			"data": {}
		},
		{
			"name": "Cordon of Arrows",
			"source": "PHB",
			"data": {
				"Save": "Dexterity",
				"Damage": "1d6",
				"Damage Type": "Piercing",
				"Target": "A creature other than you which the spell is not ignoring that comes within 30 feet of the ammunition for the first time or ends its turn there"
			}
		},
		{
			"name": "Counterspell",
			"source": "PHB",
			"data": {}
		},
		{
			"name": "Create Food and Water",
			"source": "PHB",
			"data": {}
		},
		{
			"name": "Create Undead",
			"source": "PHB",
			"data": {}
		},
		{
			"name": "Create or Destroy Water",
			"source": "PHB",
			"data": {}
		},
		{
			"name": "Creation",
			"source": "PHB",
			"data": {}
		},
		{
			"name": "Crown of Madness",
			"source": "PHB",
			"data": {
				"Save": "Wisdom"
			}
		},
		{
			"name": "Crusader's Mantle",
			"source": "PHB",
			"data": {}
		},
		{
			"name": "Cure Wounds",
			"source": "PHB",
			"data": {
				"Healing": "1d8",
				"Add Casting Modifier": "Yes",
				"Higher Spell Slot Die": "d8",
				"Higher Spell Slot Dice": "1"
			}
		},
		{
			"name": "Dancing Lights",
			"source": "PHB",
			"data": {}
		},
		{
			"name": "Darkness",
			"source": "PHB",
			"data": {}
		},
		{
			"name": "Darkvision",
			"source": "PHB",
			"data": {}
		},
		{
			"name": "Daylight",
			"source": "PHB",
			"data": {}
		},
		{
			"name": "Death Ward",
			"source": "PHB",
			"data": {}
		},
		{
			"name": "Delayed Blast Fireball",
			"source": "PHB",
			"data": {
				"Save": "Dexterity",
				"Damage": "12d6",
				"Target": "Each creature in a 20-foot-radius sphere centered on a point",
				"Damage Type": "Fire",
				"Save Success": "Half damage",
				"Higher Spell Slot Die": "d6",
				"Higher Spell Slot Dice": "1"
			}
		},
		{
			"name": "Demiplane",
			"source": "PHB",
			"data": {}
		},
		{
			"name": "Destructive Wave",
			"source": "PHB",
			"data": {
				"Save": "Constitution",
				"Damage": "5d6",
				"Damage Type": "Thunder",
				"Save Success": "Half damage and not prone",
				"Target": "Each creature you choose within 30 feet of you",
				"Secondary Damage": "5d6",
				"Secondary Damage Type": "Radiant or necrotic (your choice)"
			}
		},
		{
			"name": "Detect Evil and Good",
			"source": "PHB",
			"data": {}
		},
		{
			"name": "Detect Magic",
			"source": "PHB",
			"data": {}
		},
		{
			"name": "Detect Poison and Disease",
			"source": "PHB",
			"data": {}
		},
		{
			"name": "Detect Thoughts",
			"source": "PHB",
			"data": {
				"Save": "Wisdom",
				"Save Success": "The spell ends"
			}
		},
		{
			"name": "Dimension Door",
			"source": "PHB",
			"data": {}
		},
		{
			"name": "Disguise Self",
			"source": "PHB",
			"data": {}
		},
		{
			"name": "Disintegrate",
			"source": "PHB",
			"data": {
				"Save": "Dexterity",
				"Damage": "10d6",
				"Damage Type": "Force",
				"Higher Spell Slot Die": "d6",
				"Higher Spell Slot Dice": "3"
			}
		},
		{
			"name": "Dispel Evil and Good",
			"source": "PHB",
			"data": {
				"Spell Attack": "Melee"
			}
		},
		{
			"name": "Dispel Magic",
			"source": "PHB",
			"data": {}
		},
		{
			"name": "Dissonant Whispers",
			"source": "PHB",
			"data": {
				"Save": "Wisdom",
				"Damage": "3d6",
				"Damage Type": "Psychic",
				"Save Success": "Half damage and doesn't have to move away",
				"Higher Spell Slot Die": "d6",
				"Higher Spell Slot Dice": "1",
				"Target": "One creature of your choice within range"
			}
		},
		{
			"name": "Divination",
			"source": "PHB",
			"data": {}
		},
		{
			"name": "Divine Favor",
			"source": "PHB",
			"data": {}
		},
		{
			"name": "Divine Word",
			"source": "PHB",
			"data": {
				"Save": "Charisma"
			}
		},
		{
			"name": "Dominate Beast",
			"source": "PHB",
			"data": {
				"Save": "Wisdom"
			}
		},
		{
			"name": "Dominate Monster",
			"source": "PHB",
			"data": {
				"Save": "Wisdom"
			}
		},
		{
			"name": "Dominate Person",
			"source": "PHB",
			"data": {
				"Save": "Wisdom"
			}
		},
		{
			"name": "Drawmij's Instant Summons",
			"source": "PHB",
			"data": {}
		},
		{
			"name": "Dream",
			"source": "PHB",
			"data": {}
		},
		{
			"name": "Druidcraft",
			"source": "PHB",
			"data": {}
		},
		{
			"name": "Earthquake",
			"source": "PHB",
			"data": {}
		},
		{
			"name": "Eldritch Blast",
			"source": "PHB",
			"data": {
				"Damage": "1d10",
				"Damage Type": "Force",
				"Spell Attack": "Ranged",
				"Damage Progression": "Cantrip Beams"
			}
		},
		{
			"name": "Elemental Weapon",
			"source": "PHB",
			"data": {
				"Damage": "1d4 + 1",
				"Damage Type": "Acid, cold, fire, lightning, or thunder",
				"Higher Spell Slot Die": "d4",
				"Higher Spell Slot Dice": "1",
				"Target": "A nonmagical weapon",
				"Higher Spell Slot Bonus": "1"
			}
		},
		{
			"name": "Enhance Ability",
			"source": "PHB",
			"data": {}
		},
		{
			"name": "Enlarge/Reduce",
			"source": "PHB",
			"data": {}
		},
		{
			"name": "Ensnaring Strike",
			"source": "PHB",
			"data": {
				"Save": "Strength",
				"Damage": "1d6",
				"Damage Type": "Piercing",
				"Higher Spell Slot Die": "d6",
				"Higher Spell Slot Dice": "1"
			}
		},
		{
			"name": "Entangle",
			"source": "PHB",
			"data": {
				"Save": "Strength",
				"Target": "Any creature inside a 20-foot square from a point within range when the spell is cast"
			}
		},
		{
			"name": "Enthrall",
			"source": "PHB",
			"data": {
				"Save": "Wisdom"
			}
		},
		{
			"name": "Etherealness",
			"source": "PHB",
			"data": {}
		},
		{
			"name": "Evard's Black Tentacles",
			"source": "PHB",
			"data": {
				"Save": "Dexterity",
				"Damage": "3d6",
				"Target": "A creature that enters the affected area for the first time on a turn or starts its turn there",
				"Damage Type": "Bludgeoning"
			}
		},
		{
			"name": "Expeditious Retreat",
			"source": "PHB",
			"data": {}
		},
		{
			"name": "Eyebite",
			"source": "PHB",
			"data": {
				"Save": "Wisdom"
			}
		},
		{
			"name": "Fabricate",
			"source": "PHB",
			"data": {}
		},
		{
			"name": "Faerie Fire",
			"source": "PHB",
			"data": {
				"Save": "Dexterity",
				"Target": "Each object and creature in a 20-foot cube within range"
			}
		},
		{
			"name": "False Life",
			"source": "PHB",
			"data": {}
		},
		{
			"name": "Fear",
			"source": "PHB",
			"data": {
				"Save": "Wisdom",
				"Target": "Each creature in a 30-foot cone"
			}
		},
		{
			"name": "Feather Fall",
			"source": "PHB",
			"data": {}
		},
		{
			"name": "Feeblemind",
			"source": "PHB",
			"data": {
				"Save": "Intelligence",
				"Damage": "4d6",
				"Damage Type": "Psychic"
			}
		},
		{
			"name": "Feign Death",
			"source": "PHB",
			"data": {}
		},
		{
			"name": "Find Familiar",
			"source": "PHB",
			"data": {}
		},
		{
			"name": "Find Steed",
			"source": "PHB",
			"data": {}
		},
		{
			"name": "Find Traps",
			"source": "PHB",
			"data": {}
		},
		{
			"name": "Find the Path",
			"source": "PHB",
			"data": {}
		},
		{
			"name": "Finger of Death",
			"source": "PHB",
			"data": {
				"Save": "Constitution",
				"Damage": "7d8 + 30",
				"Damage Type": "Necrotic",
				"Save Success": "Half damage"
			}
		},
		{
			"name": "Fire Bolt",
			"source": "PHB",
			"data": {
				"Damage": "1d10",
				"Damage Type": "Fire",
				"Spell Attack": "Ranged",
				"Damage Progression": "Cantrip Dice"
			}
		},
		{
			"name": "Fire Shield",
			"source": "PHB",
			"data": {}
		},
		{
			"name": "Fire Storm",
			"source": "PHB",
			"data": {
				"Save": "Dexterity",
				"Damage": "7d10",
				"Damage Type": "Fire",
				"Save Success": "Half damage"
			}
		},
		{
			"name": "Fireball",
			"source": "PHB",
			"data": {
				"Save": "Dexterity",
				"Damage": "8d6",
				"Target": "Each creature in a 20-foot-radius sphere centered on a point within range",
				"Damage Type": "Fire",
				"Save Success": "Half damage",
				"Higher Spell Slot Die": "d6",
				"Higher Spell Slot Dice": "1"
			}
		},
		{
			"name": "Flame Blade",
			"source": "PHB",
			"data": {
				"Damage": "3d6",
				"Damage Type": "Fire",
				"Spell Attack": "Melee",
				"Higher Spell Slot Die": "d6",
				"Higher Spell Slot Dice": "0.49"
			}
		},
		{
			"name": "Flame Strike",
			"source": "PHB",
			"data": {
				"Save": "Dexterity",
				"Damage": "4d6",
				"Target": "Each creature in a 10-foot-radius, 40-foot-high cylinder centered on a point within range",
				"Damage Type": "Fire",
				"Save Success": "Half damage",
				"Secondary Damage": "4d6",
				"Higher Spell Slot Die": "d6",
				"Secondary Damage Type": "Radiant",
				"Higher Spell Slot Dice": "1"
			}
		},
		{
			"name": "Flaming Sphere",
			"source": "PHB",
			"data": {
				"Save": "Dexterity",
				"Damage": "2d6",
				"Target": "Any creature that ends its turn within 5 feet of the sphere",
				"Damage Type": "Fire",
				"Save Success": "Half damage",
				"Higher Spell Slot Die": "d6",
				"Higher Spell Slot Dice": "1"
			}
		},
		{
			"name": "Flesh to Stone",
			"source": "PHB",
			"data": {
				"Save": "Constitution"
			}
		},
		{
			"name": "Fly",
			"source": "PHB",
			"data": {}
		},
		{
			"name": "Fog Cloud",
			"source": "PHB",
			"data": {}
		},
		{
			"name": "Forbiddance",
			"source": "PHB",
			"data": {}
		},
		{
			"name": "Forcecage",
			"source": "PHB",
			"data": {
				"Save": "Charisma",
				"Target": "Any creature that is completely inside the cage's area is trapped",
				"Save Success": "The creature can use that magic to exit the cage"
			}
		},
		{
			"name": "Foresight",
			"source": "PHB",
			"data": {}
		},
		{
			"name": "Freedom of Movement",
			"source": "PHB",
			"data": {}
		},
		{
			"name": "Friends",
			"source": "PHB",
			"data": {}
		},
		{
			"name": "Gaseous Form",
			"source": "PHB",
			"data": {}
		},
		{
			"name": "Gate",
			"source": "PHB",
			"data": {}
		},
		{
			"name": "Geas",
			"source": "PHB",
			"data": {
				"Save": "Wisdom"
			}
		},
		{
			"name": "Gentle Repose",
			"source": "PHB",
			"data": {}
		},
		{
			"name": "Giant Insect",
			"source": "PHB",
			"data": {}
		},
		{
			"name": "Glibness",
			"source": "PHB",
			"data": {}
		},
		{
			"name": "Globe of Invulnerability",
			"source": "PHB",
			"data": {}
		},
		{
			"name": "Glyph of Warding",
			"source": "PHB",
			"data": {}
		},
		{
			"name": "Goodberry",
			"source": "PHB",
			"data": {}
		},
		{
			"name": "Grasping Vine",
			"source": "PHB",
			"data": {
				"Save": "Dexterity",
				"Target": "A creature within 30 feet of the vine that you can see"
			}
		},
		{
			"name": "Grease",
			"source": "PHB",
			"data": {
				"Save": "Dexterity",
				"Target": "Each creature in a 10-foot square centered on a point within range"
			}
		},
		{
			"name": "Greater Invisibility",
			"source": "PHB",
			"data": {}
		},
		{
			"name": "Greater Restoration",
			"source": "PHB",
			"data": {}
		},
		{
			"name": "Guardian of Faith",
			"source": "PHB",
			"data": {
				"Save": "Dexterity",
				"Damage": "20",
				"Damage Type": "Radiant",
				"Save Success": "Half damage"
			}
		},
		{
			"name": "Guards and Wards",
			"source": "PHB",
			"data": {}
		},
		{
			"name": "Guidance",
			"source": "PHB",
			"data": {}
		},
		{
			"name": "Guiding Bolt",
			"source": "PHB",
			"data": {
				"Damage": "4d6",
				"Damage Type": "Radiant",
				"Spell Attack": "Ranged",
				"Higher Spell Slot Die": "d6",
				"Higher Spell Slot Dice": "1"
			}
		},
		{
			"name": "Gust of Wind",
			"source": "PHB",
			"data": {
				"Save": "Strength",
				"Target": "Each creature that starts its turn in the line"
			}
		},
		{
			"name": "Hail of Thorns",
			"source": "PHB",
			"data": {
				"Save": "Dexterity",
				"Damage": "1d10",
				"Damage Type": "Piercing",
				"Save Success": "Half damage",
				"Higher Spell Slot Die": "d10",
				"Higher Spell Slot Dice": "1",
				"Target": "The target of an attack and each creature within 5 feet of it"
			}
		},
		{
			"name": "Hallow",
			"source": "PHB",
			"data": {}
		},
		{
			"name": "Hallucinatory Terrain",
			"source": "PHB",
			"data": {}
		},
		{
			"name": "Harm",
			"source": "PHB",
			"data": {
				"Save": "Constitution",
				"Damage": "14d6",
				"Damage Type": "Necrotic",
				"Save Success": "Half damage"
			}
		},
		{
			"name": "Haste",
			"source": "PHB",
			"data": {}
		},
		{
			"name": "Heal",
			"source": "PHB",
			"data": {
				"Healing": "70",
				"Higher Level Healing": "10"
			}
		},
		{
			"name": "Healing Word",
			"source": "PHB",
			"data": {
				"Healing": "1d4",
				"Add Casting Modifier": "Yes",
				"Higher Spell Slot Die": "d4",
				"Higher Spell Slot Dice": "1"
			}
		},
		{
			"name": "Heat Metal",
			"source": "PHB",
			"data": {
				"Save": "Constitution",
				"Damage": "2d8",
				"Damage Type": "Fire"
			}
		},
		{
			"name": "Hellish Rebuke",
			"source": "PHB",
			"data": {
				"Save": "Dexterity",
				"Damage": "2d10",
				"Damage Type": "Fire",
				"Save Success": "half damage",
				"Higher Spell Slot Die": "d10",
				"Higher Spell Slot Dice": "1"
			}
		},
		{
			"name": "Heroes' Feast",
			"source": "PHB",
			"data": {}
		},
		{
			"name": "Heroism",
			"source": "PHB",
			"data": {}
		},
		{
			"name": "Hex",
			"source": "PHB",
			"data": {
				"Damage": "1d6",
				"Damage Type": "Necrotic"
			}
		},
		{
			"name": "Hold Monster",
			"source": "PHB",
			"data": {
				"Save": "Wisdom"
			}
		},
		{
			"name": "Hold Person",
			"source": "PHB",
			"data": {
				"Save": "Wisdom"
			}
		},
		{
			"name": "Holy Aura",
			"source": "PHB",
			"data": {
				"Save": "Constitution",
				"Target": "Creatures of your choice in a 30-foot radius centered on you when you cast this spell"
			}
		},
		{
			"name": "Hunger of Hadar",
			"source": "PHB",
			"data": {
				"Save": "Dexterity",
				"Damage": "2d6",
				"Damage Type": "Cold",
				"Save Success": "No acid damage",
				"Target": "A 20-foot-radius sphere centered on a point within range",
				"Secondary Damage": "2d6",
				"Secondary Damage Type": "Acid"
			}
		},
		{
			"name": "Hunter's Mark",
			"source": "PHB",
			"data": {}
		},
		{
			"name": "Hypnotic Pattern",
			"source": "PHB",
			"data": {
				"Save": "Wisdom",
				"Target": "Each creature in the area who sees the pattern"
			}
		},
		{
			"name": "Ice Storm",
			"source": "PHB",
			"data": {
				"Save": "Dexterity",
				"Damage": "2d8",
				"Target": "Each creature in a 20-foot-radius, 40-foot-high cylinder centered on a point within range",
				"Damage Type": "Bludgeoning",
				"Save Success": "Half damage",
				"Secondary Damage": "4d6",
				"Higher Spell Slot Die": "d8",
				"Secondary Damage Type": "Cold",
				"Higher Spell Slot Dice": "1"
			}
		},
		{
			"name": "Identify",
			"source": "PHB",
			"data": {}
		},
		{
			"name": "Illusory Script",
			"source": "PHB",
			"data": {}
		},
		{
			"name": "Imprisonment",
			"source": "PHB",
			"data": {
				"Save": "Wisdom",
				"Save Success": "It is immune to this spell if you cast it again"
			}
		},
		{
			"name": "Incendiary Cloud",
			"source": "PHB",
			"data": {
				"Save": "Dexterity",
				"Damage": "10d8",
				"Target": "Each creature in a 20-foot-radius sphere centered on a point within range when it appears or when it enters the spell's area for the first time on a turn or ends its turn there.",
				"Damage Type": "Fire",
				"Save Success": "Half damage"
			}
		},
		{
			"name": "Inflict Wounds",
			"source": "PHB",
			"data": {
				"Damage": "3d10",
				"Damage Type": "Necrotic",
				"Spell Attack": "Melee",
				"Higher Spell Slot Die": "d10",
				"Higher Spell Slot Dice": "1"
			}
		},
		{
			"name": "Insect Plague",
			"source": "PHB",
			"data": {
				"Save": "Constitution",
				"Damage": "4d10",
				"Target": "Each creature in a 20-foot-radius sphere centered on a point within range when it appears or when it enters the spell's area for the first time on a turn or ends its turn there.",
				"Damage Type": "Piercing",
				"Save Success": "Half damage",
				"Higher Spell Slot Die": "d10",
				"Higher Spell Slot Dice": "1"
			}
		},
		{
			"name": "Invisibility",
			"source": "PHB",
			"data": {}
		},
		{
			"name": "Jump",
			"source": "PHB",
			"data": {}
		},
		{
			"name": "Knock",
			"source": "PHB",
			"data": {}
		},
		{
			"name": "Legend Lore",
			"source": "PHB",
			"data": {}
		},
		{
			"name": "Leomund's Secret Chest",
			"source": "PHB",
			"data": {}
		},
		{
			"name": "Leomund's Tiny Hut",
			"source": "PHB",
			"data": {}
		},
		{
			"name": "Lesser Restoration",
			"source": "PHB",
			"data": {}
		},
		{
			"name": "Levitate",
			"source": "PHB",
			"data": {
				"Save": "Constitution"
			}
		},
		{
			"name": "Light",
			"source": "PHB",
			"data": {
				"Save": "Dexterity"
			}
		},
		{
			"name": "Lightning Arrow",
			"source": "PHB",
			"data": {
				"Save": "Dexterity",
				"Damage": "4d8",
				"Damage Type": "Lightning",
				"Target": "Each creature within 10 feet of the target of the attack",
				"Save Success": "Half damage",
				"Higher Spell Slot Die": "d8",
				"Higher Spell Slot Dice": "1",
				"Secondary Damage": "2d8",
				"Secondary Damage Type": "Lightning"
			}
		},
		{
			"name": "Lightning Bolt",
			"source": "PHB",
			"data": {
				"Save": "Dexterity",
				"Damage": "8d6",
				"Target": "Each creature in the line",
				"Damage Type": "Lightning",
				"Save Success": "Half damage",
				"Higher Spell Slot Die": "d6",
				"Higher Spell Slot Dice": "1"
			}
		},
		{
			"name": "Locate Animals or Plants",
			"source": "PHB",
			"data": {}
		},
		{
			"name": "Locate Creature",
			"source": "PHB",
			"data": {}
		},
		{
			"name": "Locate Object",
			"source": "PHB",
			"data": {}
		},
		{
			"name": "Longstrider",
			"source": "PHB",
			"data": {}
		},
		{
			"name": "Mage Armor",
			"source": "PHB",
			"data": {}
		},
		{
			"name": "Mage Hand",
			"source": "PHB",
			"data": {}
		},
		{
			"name": "Magic Circle",
			"source": "PHB",
			"data": {}
		},
		{
			"name": "Magic Jar",
			"source": "PHB",
			"data": {
				"Save": "Charisma",
				"Save Success": "The target resists your efforts to possess it, and you can't attempt to possess it again for 24 hours"
			}
		},
		{
			"name": "Magic Missile",
			"source": "PHB",
			"data": {
				"Damage": "3d4 + 3",
				"Damage Type": "Force",
				"Higher Spell Slot Die": "d4",
				"Higher Spell Slot Dice": "1",
				"Higher Spell Slot Bonus": "1"
			}
		},
		{
			"name": "Magic Mouth",
			"source": "PHB",
			"data": {}
		},
		{
			"name": "Magic Weapon",
			"source": "PHB",
			"data": {}
		},
		{
			"name": "Major Image",
			"source": "PHB",
			"data": {}
		},
		{
			"name": "Mass Cure Wounds",
			"source": "PHB",
			"data": {
				"Target": "Up to 6 creatures in a 30-foot-radius sphere centered on a point",
				"Healing": "3d8",
				"Add Casting Modifier": "Yes",
				"Higher Spell Slot Die": "d8",
				"Higher Spell Slot Dice": "1"
			}
		},
		{
			"name": "Mass Heal",
			"source": "PHB",
			"data": {}
		},
		{
			"name": "Mass Healing Word",
			"source": "PHB",
			"data": {
				"Healing": "1d4",
				"Add Casting Modifier": "Yes",
				"Higher Spell Slot Die": "d4",
				"Higher Spell Slot Dice": "1"
			}
		},
		{
			"name": "Mass Suggestion",
			"source": "PHB",
			"data": {
				"Save": "Wisdom"
			}
		},
		{
			"name": "Maze",
			"source": "PHB",
			"data": {}
		},
		{
			"name": "Meld into Stone",
			"source": "PHB",
			"data": {}
		},
		{
			"name": "Melf's Acid Arrow",
			"source": "PHB",
			"data": {
				"Damage": "4d4",
				"Damage Type": "Acid",
				"Spell Attack": "Ranged",
				"Secondary Damage": "2d4",
				"Higher Spell Slot Die": "d4",
				"Secondary Damage Type": "Acid",
				"Higher Spell Slot Dice": "1",
				"Secondary Higher Spell Slot Die": "d4",
				"Secondary Higher Spell Slot Dice": "1"
			}
		},
		{
			"name": "Mending",
			"source": "PHB",
			"data": {}
		},
		{
			"name": "Message",
			"source": "PHB",
			"data": {}
		},
		{
			"name": "Meteor Swarm",
			"source": "PHB",
			"data": {
				"Save": "Dexterity",
				"Damage": "20d6",
				"Target": "Each creature in a 40-foot-radius sphere centered on four different points you can see within range",
				"Damage Type": "Fire",
				"Save Success": "Half damage",
				"Secondary Damage": "20d6",
				"Secondary Damage Type": "Bludgeoning"
			}
		},
		{
			"name": "Mind Blank",
			"source": "PHB",
			"data": {}
		},
		{
			"name": "Minor Illusion",
			"source": "PHB",
			"data": {}
		},
		{
			"name": "Mirage Arcane",
			"source": "PHB",
			"data": {}
		},
		{
			"name": "Mirror Image",
			"source": "PHB",
			"data": {}
		},
		{
			"name": "Mislead",
			"source": "PHB",
			"data": {}
		},
		{
			"name": "Misty Step",
			"source": "PHB",
			"data": {}
		},
		{
			"name": "Modify Memory",
			"source": "PHB",
			"data": {
				"Save": "Wisdom"
			}
		},
		{
			"name": "Moonbeam",
			"source": "PHB",
			"data": {
				"Save": "Constitution",
				"Damage": "2d10",
				"Target": "A creature who enters the spell's area for the first time on a turn or starts its turn there",
				"Damage Type": "Radiant",
				"Save Success": "Half damage",
				"Higher Spell Slot Die": "d10",
				"Higher Spell Slot Dice": "1"
			}
		},
		{
			"name": "Mordenkainen's Faithful Hound",
			"source": "PHB",
			"data": {
				"Damage": "4d8",
				"Damage Type": "Piercing"
			}
		},
		{
			"name": "Mordenkainen's Magnificent Mansion",
			"source": "PHB",
			"data": {}
		},
		{
			"name": "Mordenkainen's Private Sanctum",
			"source": "PHB",
			"data": {}
		},
		{
			"name": "Mordenkainen's Sword",
			"source": "PHB",
			"data": {
				"Damage": "3d10",
				"Damage Type": "Force",
				"Spell Attack": "Melee"
			}
		},
		{
			"name": "Move Earth",
			"source": "PHB",
			"data": {
				"Target": "Dirt, sand, or clay in a area of terrain no larger than 40-foot on a side within range"
			}
		},
		{
			"name": "Nondetection",
			"source": "PHB",
			"data": {}
		},
		{
			"name": "Nystul's Magic Aura",
			"source": "PHB",
			"data": {}
		},
		{
			"name": "Otiluke's Freezing Sphere",
			"source": "PHB",
			"data": {
				"Save": "Constitution",
				"Damage": "10d6",
				"Target": "Each creature in a 60-foot-radius sphere centered on a point",
				"Damage Type": "Cold",
				"Save Success": "Half damage",
				"Higher Spell Slot Die": "d6",
				"Higher Spell Slot Dice": "1"
			}
		},
		{
			"name": "Otiluke's Resilient Sphere",
			"source": "PHB",
			"data": {
				"Save": "Dexterity"
			}
		},
		{
			"name": "Otto's Irresistible Dance",
			"source": "PHB",
			"data": {}
		},
		{
			"name": "Pass Without Trace",
			"source": "PHB",
			"data": {}
		},
		{
			"name": "Passwall",
			"source": "PHB",
			"data": {
				"Target": "A point that you can see on a wooden, plaster, or stone surface (such as a wall, a ceiling, or a floor) within range"
			}
		},
		{
			"name": "Phantasmal Force",
			"source": "PHB",
			"data": {
				"Save": "Intelligence",
				"Damage": "1d6",
				"Damage Type": "Psychic"
			}
		},
		{
			"name": "Phantasmal Killer",
			"source": "PHB",
			"data": {
				"Save": "Wisdom"
			}
		},
		{
			"name": "Phantom Steed",
			"source": "PHB",
			"data": {}
		},
		{
			"name": "Planar Ally",
			"source": "PHB",
			"data": {}
		},
		{
			"name": "Planar Binding",
			"source": "PHB",
			"data": {}
		},
		{
			"name": "Plane Shift",
			"source": "PHB",
			"data": {
				"Spell Attack": "Melee"
			}
		},
		{
			"name": "Plant Growth",
			"source": "PHB",
			"data": {
				"Target": "All normal plants in a 100-foot-radius centered on a point within range"
			}
		},
		{
			"name": "Poison Spray",
			"source": "PHB",
			"data": {
				"Save": "Constitution",
				"Damage": "1d12",
				"Damage Type": "Poison",
				"Damage Progression": "Cantrip Dice"
			}
		},
		{
			"name": "Polymorph",
			"source": "PHB",
			"data": {
				"Save": "Wisdom"
			}
		},
		{
			"name": "Power Word Heal",
			"source": "PHB",
			"data": {
				"Healing": "999"
			}
		},
		{
			"name": "Power Word Kill",
			"source": "PHB",
			"data": {}
		},
		{
			"name": "Power Word Stun",
			"source": "PHB",
			"data": {}
		},
		{
			"name": "Prayer of Healing",
			"source": "PHB",
			"data": {
				"Healing": "2d8",
				"Add Casting Modifier": "Yes",
				"Higher Spell Slot Die": "d8",
				"Higher Spell Slot Dice": "1"
			}
		},
		{
			"name": "Prestidigitation",
			"source": "PHB",
			"data": {}
		},
		{
			"name": "Prismatic Spray",
			"source": "PHB",
			"data": {
				"Save": "Dexterity",
				"Damage": "10d6",
				"Target": "Each creature in a 60-foot cone",
				"Damage Type": "Fire, acid, lightning, poison, or cold",
				"Save Success": "Half damage"
			}
		},
		{
			"name": "Prismatic Wall",
			"source": "PHB",
			"data": {
				"Save": "Dexterity",
				"Damage": "10d6",
				"Target": "A creature attempts to reach into or pass through the wall",
				"Damage Type": "Fire, acid, lightning, poison, or cold",
				"Save Success": "Half damage"
			}
		},
		{
			"name": "Produce Flame",
			"source": "PHB",
			"data": {
				"Damage": "((@{level} + 1) / 6 + 0.5)d8",
				"Damage Type": "Fire",
				"Spell Attack": "Ranged"
			}
		},
		{
			"name": "Programmed Illusion",
			"source": "PHB",
			"data": {}
		},
		{
			"name": "Project Image",
			"source": "PHB",
			"data": {}
		},
		{
			"name": "Protection from Energy",
			"source": "PHB",
			"data": {}
		},
		{
			"name": "Protection from Evil and Good",
			"source": "PHB",
			"data": {}
		},
		{
			"name": "Protection from Poison",
			"source": "PHB",
			"data": {}
		},
		{
			"name": "Purify Food and Drink",
			"source": "PHB",
			"data": {
				"Target": "All nonmagical food and drink within a 5-foot-radius sphere centered on a point within range"
			}
		},
		{
			"name": "Raise Dead",
			"source": "PHB",
			"data": {}
		},
		{
			"name": "Rary's Telepathic Bond",
			"source": "PHB",
			"data": {}
		},
		{
			"name": "Ray of Enfeeblement",
			"source": "PHB",
			"data": {
				"Save": "Constitution",
				"Save Success": "Spell ends",
				"Spell Attack": "Ranged"
			}
		},
		{
			"name": "Ray of Frost",
			"source": "PHB",
			"data": {
				"Damage": "1d8",
				"Damage Type": "Cold",
				"Spell Attack": "Ranged",
				"Damage Progression": "Cantrip Dice"
			}
		},
		{
			"name": "Ray of Sickness",
			"source": "PHB",
			"data": {
				"Save": "Constitution",
				"Damage": "2d8",
				"Damage Type": "Poison",
				"Spell Attack": "Ranged",
				"Save Success": "Not poisoned",
				"Higher Spell Slot Die": "d8",
				"Higher Spell Slot Dice": "1"
			}
		},
		{
			"name": "Regenerate",
			"source": "PHB",
			"data": {
				"Healing": "4d8 + 15"
			}
		},
		{
			"name": "Reincarnate",
			"source": "PHB",
			"data": {}
		},
		{
			"name": "Remove Curse",
			"source": "PHB",
			"data": {}
		},
		{
			"name": "Resistance",
			"source": "PHB",
			"data": {}
		},
		{
			"name": "Resurrection",
			"source": "PHB",
			"data": {}
		},
		{
			"name": "Reverse Gravity",
			"source": "PHB",
			"data": {
				"Save": "Dexterity",
				"Target": "All creatures and objects that aren't somehow anchored to the ground in a 50-foot-radius, 100-foot-high cylinder centered on a point within range",
				"Save Success": "Grab onto a fixed object it can reach, thus avoiding the fall"
			}
		},
		{
			"name": "Revivify",
			"source": "PHB",
			"data": {}
		},
		{
			"name": "Rope Trick",
			"source": "PHB",
			"data": {}
		},
		{
			"name": "Sacred Flame",
			"source": "PHB",
			"data": {
				"Save": "Dexterity",
				"Damage": "1d8",
				"Damage Type": "Radiant",
				"Damage Progression": "Cantrip Dice"
			}
		},
		{
			"name": "Sanctuary",
			"source": "PHB",
			"data": {
				"Save": "Wisdom"
			}
		},
		{
			"name": "Scorching Ray",
			"source": "PHB",
			"data": {
				"Damage": "2d6",
				"Damage Type": "Fire",
				"Spell Attack": "Ranged"
			}
		},
		{
			"name": "Scrying",
			"source": "PHB",
			"data": {
				"Save": "Wisdom",
				"Save Success": "The target isn't affected, and you can't use this spell against it again for 24 hours"
			}
		},
		{
			"name": "Searing Smite",
			"source": "PHB",
			"data": {
				"Save": "Constitution",
				"Damage": "1d6",
				"Damage Type": "Fire",
				"Save Success": "No secondary damage",
				"Higher Spell Slot Die": "d6",
				"Higher Spell Slot Dice": "1",
				"Secondary Damage": "1d6",
				"Secondary Damage Type": "Fire"
			}
		},
		{
			"name": "See Invisibility",
			"source": "PHB",
			"data": {}
		},
		{
			"name": "Seeming",
			"source": "PHB",
			"data": {
				"Save": "Charisma"
			}
		},
		{
			"name": "Sending",
			"source": "PHB",
			"data": {}
		},
		{
			"name": "Sequester",
			"source": "PHB",
			"data": {}
		},
		{
			"name": "Shapechange",
			"source": "PHB",
			"data": {}
		},
		{
			"name": "Shatter",
			"source": "PHB",
			"data": {
				"Save": "Constitution",
				"Damage": "3d8",
				"Target": "Each creature in a 10-foot-radius sphere centered on a point within range",
				"Damage Type": "Thunder",
				"Save Success": "Half damage",
				"Higher Spell Slot Die": "d8",
				"Higher Spell Slot Dice": "1"
			}
		},
		{
			"name": "Shield",
			"source": "PHB",
			"data": {}
		},
		{
			"name": "Shield of Faith",
			"source": "PHB",
			"data": {}
		},
		{
			"name": "Shillelagh",
			"source": "PHB",
			"data": {}
		},
		{
			"name": "Shocking Grasp",
			"source": "PHB",
			"data": {
				"Damage": "1d8",
				"Damage Type": "Lightning",
				"Spell Attack": "Melee",
				"Damage Progression": "Cantrip Dice"
			}
		},
		{
			"name": "Silence",
			"source": "PHB",
			"data": {}
		},
		{
			"name": "Silent Image",
			"source": "PHB",
			"data": {}
		},
		{
			"name": "Simulacrum",
			"source": "PHB",
			"data": {}
		},
		{
			"name": "Sleep",
			"source": "PHB",
			"data": {
				"Damage": "5d8",
				"Target": "Each creature inside a 20-foot-radius sphere centered on a point within range",
				"Damage Type": "Effect",
				"Higher Spell Slot Die": "d8",
				"Higher Spell Slot Dice": "2"
			}
		},
		{
			"name": "Sleet Storm",
			"source": "PHB",
			"data": {
				"Save": "Dexterity",
				"Target": "A creature enters the spell's area for the first time on a turn or starts its turn there"
			}
		},
		{
			"name": "Slow",
			"source": "PHB",
			"data": {
				"Save": "Wisdom",
				"Target": "Up to 6 creatures in a 40-foot-cube within range"
			}
		},
		{
			"name": "Spare the Dying",
			"source": "PHB",
			"data": {}
		},
		{
			"name": "Speak with Animals",
			"source": "PHB",
			"data": {}
		},
		{
			"name": "Speak with Dead",
			"source": "PHB",
			"data": {}
		},
		{
			"name": "Speak with Plants",
			"source": "PHB",
			"data": {}
		},
		{
			"name": "Spider Climb",
			"source": "PHB",
			"data": {}
		},
		{
			"name": "Spike Growth",
			"source": "PHB",
			"data": {}
		},
		{
			"name": "Spirit Guardians",
			"source": "PHB",
			"data": {
				"Save": "Wisdom",
				"Damage": "3d8",
				"Target": "Chosen creatures enters the area for the first time on a turn or starts its turn there",
				"Damage Type": "Radiant or necrotic",
				"Save Success": "Half damage",
				"Higher Spell Slot Die": "d8",
				"Higher Spell Slot Dice": "1"
			}
		},
		{
			"name": "Spiritual Weapon",
			"source": "PHB",
			"data": {
				"Damage": "1d8",
				"Damage Type": "Force",
				"Spell Attack": "Melee",
				"Add Casting Modifier": "Yes",
				"Higher Spell Slot Die": "d8",
				"Higher Spell Slot Dice": "0.49"
			}
		},
		{
			"name": "Staggering Smite",
			"source": "PHB",
			"data": {
				"Save": "Wisdom",
				"Damage": "4d6",
				"Damage Type": "Psychic"
			}
		},
		{
			"name": "Stinking Cloud",
			"source": "PHB",
			"data": {
				"Save": "Constitution",
				"Target": "Each creature that is completely within the cloud at the start of its turn",
				"Save Success": "Half damage and not blinded"
			}
		},
		{
			"name": "Stone Shape",
			"source": "PHB",
			"data": {}
		},
		{
			"name": "Stoneskin",
			"source": "PHB",
			"data": {}
		},
		{
			"name": "Storm of Vengeance",
			"source": "PHB",
			"data": {
				"Save": "Constitution",
				"Damage": "2d6",
				"Target": "Each creature in a 360-foot radius centered on a point you can see (no more than 5,000 feet beneath the cloud) when it appears",
				"Damage Type": "Thunder"
			}
		},
		{
			"name": "Suggestion",
			"source": "PHB",
			"data": {
				"Save": "Wisdom"
			}
		},
		{
			"name": "Sunbeam",
			"source": "PHB",
			"data": {
				"Save": "Constitution",
				"Damage": "6d8",
				"Target": "Each creature in the line",
				"Damage Type": "Radiant",
				"Save Success": "Half damage and not blinded"
			}
		},
		{
			"name": "Sunburst",
			"source": "PHB",
			"data": {
				"Save": "Constitution",
				"Damage": "12d6",
				"Target": "Each creature in a 60-foot radius centered on a point within range",
				"Damage Type": "Radiant",
				"Save Success": "Half damage and not blinded"
			}
		},
		{
			"name": "Swift Quiver",
			"source": "PHB",
			"data": {}
		},
		{
			"name": "Symbol",
			"source": "PHB",
			"data": {}
		},
		{
			"name": "Tasha's Hideous Laughter",
			"source": "PHB",
			"data": {
				"Save": "Wisdom"
			}
		},
		{
			"name": "Telekinesis",
			"source": "PHB",
			"data": {}
		},
		{
			"name": "Telepathy",
			"source": "PHB",
			"data": {}
		},
		{
			"name": "Teleport",
			"source": "PHB",
			"data": {}
		},
		{
			"name": "Teleportation Circle",
			"source": "PHB",
			"data": {}
		},
		{
			"name": "Tenser's Floating Disk",
			"source": "PHB",
			"data": {
				"Target": "A point within range that you can see"
			}
		},
		{
			"name": "Thaumaturgy",
			"source": "PHB",
			"data": {}
		},
		{
			"name": "Thorn Whip",
			"source": "PHB",
			"data": {
				"Damage": "1d6",
				"Damage Type": "Piercing",
				"Damage Progression": "Cantrip Dice",
				"Spell Attack": "Melee",
				"Target": "A creature in range"
			}
		},
		{
			"name": "Thunderous Smite",
			"source": "PHB",
			"data": {
				"Save": "Strength",
				"Damage": "2d6",
				"Damage Type": "Thunder"
			}
		},
		{
			"name": "Thunderwave",
			"source": "PHB",
			"data": {
				"Save": "Constitution",
				"Damage": "2d8",
				"Target": "Each creature in a 15-foot cube originating from you",
				"Damage Type": "Thunder",
				"Save Success": "Half damage and not pushed",
				"Higher Spell Slot Die": "d8",
				"Higher Spell Slot Dice": "1"
			}
		},
		{
			"name": "Time Stop",
			"source": "PHB",
			"data": {}
		},
		{
			"name": "Tongues",
			"source": "PHB",
			"data": {}
		},
		{
			"name": "Transport via Plants",
			"source": "PHB",
			"data": {}
		},
		{
			"name": "Tree Stride",
			"source": "PHB",
			"data": {}
		},
		{
			"name": "True Polymorph",
			"source": "PHB",
			"data": {
				"Save": "Wisdom"
			}
		},
		{
			"name": "True Resurrection",
			"source": "PHB",
			"data": {}
		},
		{
			"name": "True Seeing",
			"source": "PHB",
			"data": {}
		},
		{
			"name": "True Strike",
			"source": "PHB",
			"data": {}
		},
		{
			"name": "Tsunami",
			"source": "PHB",
			"data": {
				"Save": "Strength",
				"Damage": "6d10",
				"Damage Type": "Bludgeoning",
				"Save Success": "Half damage and not prone",
				"Target": "Each creature within the wall, which is up to 300 feet long, 300 feet high, and 50 feet thick"
			}
		},
		{
			"name": "Unseen Servant",
			"source": "PHB",
			"data": {}
		},
		{
			"name": "Vampiric Touch",
			"source": "PHB",
			"data": {
				"Damage": "3d6",
				"Damage Type": "Necrotic",
				"Spell Attack": "Melee",
				"Higher Spell Slot Die": "d6",
				"Higher Spell Slot Dice": "1"
			}
		},
		{
			"name": "Vicious Mockery",
			"source": "PHB",
			"data": {
				"Save": "Wisdom",
				"Damage": "1d4",
				"Damage Type": "Psychic",
				"Damage Progression": "Cantrip Dice"
			}
		},
		{
			"name": "Wall of Fire",
			"source": "PHB",
			"data": {
				"Save": "Dexterity",
				"Damage": "5d8",
				"Target": "Each creature within its area when it appears",
				"Damage Type": "Fire",
				"Save Success": "Half damage",
				"Higher Spell Slot Die": "d8",
				"Higher Spell Slot Dice": "1"
			}
		},
		{
			"name": "Wall of Force",
			"source": "PHB",
			"data": {}
		},
		{
			"name": "Wall of Ice",
			"source": "PHB",
			"data": {
				"Save": "Dexterity",
				"Damage": "10d6",
				"Target": "Each creature within its area when it appears",
				"Damage Type": "Cold",
				"Save Success": "Half damage",
				"Higher Spell Slot Die": "d6",
				"Higher Spell Slot Dice": "2"
			}
		},
		{
			"name": "Wall of Stone",
			"source": "PHB",
			"data": {
				"Save": "Dexterity",
				"Target": "Each creature within its area when it appears",
				"Save Success": "It can use its reaction to move up to its speed so that it is no longer enclosed by the wall"
			}
		},
		{
			"name": "Wall of Thorns",
			"source": "PHB",
			"data": {
				"Save": "Dexterity",
				"Damage": "7d8",
				"Target": "Each creature within its area when it appears",
				"Damage Type": "Piercing",
				"Save Success": "Half damage",
				"Higher Spell Slot Die": "d8",
				"Higher Spell Slot Dice": "1"
			}
		},
		{
			"name": "Warding Bond",
			"source": "PHB",
			"data": {}
		},
		{
			"name": "Water Breathing",
			"source": "PHB",
			"data": {}
		},
		{
			"name": "Water Walk",
			"source": "PHB",
			"data": {}
		},
		{
			"name": "Web",
			"source": "PHB",
			"data": {
				"Save": "Dexterity",
				"Target": "Each creature that starts its turn in the webs or that enters them during its turn"
			}
		},
		{
			"name": "Weird",
			"source": "PHB",
			"data": {
				"Save": "Wisdom",
				"Target": "Each creature in a 30-foot-radius sphere centered on a point within range"
			}
		},
		{
			"name": "Wind Walk",
			"source": "PHB",
			"data": {}
		},
		{
			"name": "Wind Wall",
			"source": "PHB",
			"data": {
				"Save": "Strength",
				"Damage": "3d8",
				"Target": "Each creature within the wall when it appears",
				"Damage Type": "Bludgeoning",
				"Save Success": "Half damage"
			}
		},
		{
			"name": "Wish",
			"source": "PHB",
			"data": {}
		},
		{
			"name": "Witch Bolt",
			"source": "PHB",
			"data": {
				"Damage": "1d12",
				"Damage Type": "Lightning",
				"Spell Attack": "Ranged",
				"Higher Spell Slot Die": "d12",
				"Higher Spell Slot Dice": "1",
				"Target": "A creature within range"
			}
		},
		{
			"name": "Word of Recall",
			"source": "PHB",
			"data": {}
		},
		{
			"name": "Wrathful Smite",
			"source": "PHB",
			"data": {
				"Save": "Wisdom",
				"Damage": "1d6",
				"Damage Type": "Psychic",
				"Save Success": "Spell ends"
			}
		},
		{
			"name": "Zone of Truth",
			"source": "PHB",
			"data": {
				"Save": "Charisma"
			}
		},
		{
			"name": "Booming Blade",
			"source": "SCAG",
			"data": {
				"Damage": "1d8",
				"Damage Type": "Thunder",
				"Damage Progression": "Cantrip Dice",
				"Target": "Target which willingly moved"
			}
		},
		{
			"name": "Green-Flame Blade",
			"source": "SCAG",
			"data": {
				"Damage Type": "Fire",
				"Damage Progression": "Cantrip Dice",
				"Target": "Second creature",
				"Add Casting Modifier": "Yes"
			}
		},
		{
			"name": "Lightning Lure",
			"source": "SCAG",
			"data": {
				"Save": "Strength",
				"Damage": "1d8",
				"Damage Type": "Lightning",
				"Damage Progression": "Cantrip Dice",
				"Target": "One creature you can see within range"
			}
		},
		{
			"name": "Sword Burst",
			"source": "SCAG",
			"data": {
				"Save": "Dexterity",
				"Damage": "1d6",
				"Damage Type": "Force",
				"Damage Progression": "Cantrip Dice",
				"Target": "Each creature within range other than you"
			}
		},
		{
			"name": "Arcane Hacking (UA)",
			"source": "UAModernMagic",
			"data": {}
		},
		{
			"name": "Commune with City (UA)",
			"source": "UAModernMagic",
			"data": {}
		},
		{
			"name": "Conjure Knowbot (UA)",
			"source": "UAModernMagic",
			"data": {}
		},
		{
			"name": "Digital Phantom (UA)",
			"source": "UAModernMagic",
			"data": {}
		},
		{
			"name": "Find Vehicle (UA)",
			"source": "UAModernMagic",
			"data": {}
		},
		{
			"name": "Haywire (UA)",
			"source": "UAModernMagic",
			"data": {
				"Save": "Wisdom"
			}
		},
		{
			"name": "Infallible Relay (UA)",
			"source": "UAModernMagic",
			"data": {
				"Save": "Charisma"
			}
		},
		{
			"name": "Invisibility to Cameras (UA)",
			"source": "UAModernMagic",
			"data": {}
		},
		{
			"name": "On/Off (UA)",
			"source": "UAModernMagic",
			"data": {}
		},
		{
			"name": "Protection from Ballistics (UA)",
			"source": "UAModernMagic",
			"data": {}
		},
		{
			"name": "Remote Access (UA)",
			"source": "UAModernMagic",
			"data": {}
		},
		{
			"name": "Shutdown (UA)",
			"source": "UAModernMagic",
			"data": {
				"Save": "Constitution"
			}
		},
		{
			"name": "Synchronicity (UA)",
			"source": "UAModernMagic",
			"data": {}
		},
		{
			"name": "System Backdoor (UA)",
			"source": "UAModernMagic",
			"data": {}
		},
		{
			"name": "Cause Fear (UA)",
			"source": "UAStarterSpells",
			"data": {
				"Save": "Wisdom",
				"Target": "One creature you can see within range",
				"Save Success": "Effect ends on creature"
			}
		},
		{
			"name": "Ceremony (UA)",
			"source": "UAStarterSpells",
			"data": {}
		},
		{
			"name": "Chaos Bolt (UA)",
			"source": "UAStarterSpells",
			"data": {
				"Damage": "2d8",
				"Damage Type": "Variable",
				"Target": "One creature in range",
				"Spell Attack": "Ranged",
				"Higher Spell Slot Die": "d6",
				"Higher Spell Slot Dice": "1"
			}
		},
		{
			"name": "Guiding Hand (UA)",
			"source": "UAStarterSpells",
			"data": {}
		},
		{
			"name": "Hand of Radiance (UA)",
			"source": "UAStarterSpells",
			"data": {
				"Save": "Constitution",
				"Damage": "1d6",
				"Damage Type": "Radiant",
				"Damage Progression": "Cantrip Dice",
				"Target": "Each creature of your choice that you can see within range"
			}
		},
		{
			"name": "Healing Elixir (UA)",
			"source": "UAStarterSpells",
			"data": {
				"Healing": "2d4+2"
			}
		},
		{
			"name": "Infestation (UA)",
			"source": "UAStarterSpells",
			"data": {
				"Save": "Constitution",
				"Damage": "1d6",
				"Damage Type": "Piercing",
				"Damage Progression": "Cantrip Dice",
				"Target": "One creature you can see within range"
			}
		},
		{
			"name": "Primal Savagery (UA)",
			"source": "UAStarterSpells",
			"data": {
				"Damage": "1d10",
				"Damage Type": "Piercing or slashing damage (your choice)",
				"Damage Progression": "Cantrip Dice",
				"Target": "One creature within 5 feet of you",
				"Spell Attack": "Melee"
			}
		},
		{
			"name": "Puppet (UA)",
			"source": "UAStarterSpells",
			"data": {
				"Save": "Constitution"
			}
		},
		{
			"name": "Sense Emotion (UA)",
			"source": "UAStarterSpells",
			"data": {}
		},
		{
			"name": "Snare (UA)",
			"source": "UAStarterSpells",
			"data": {
				"Save": "Dexterity"
			}
		},
		{
			"name": "Sudden Awakening (UA)",
			"source": "UAStarterSpells",
			"data": {}
		},
		{
			"name": "Toll the Dead (UA)",
			"source": "UAStarterSpells",
			"data": {
				"Save": "Wisdom",
				"Damage": "1d12",
				"Damage Type": "Necrotic",
				"Damage Progression": "Cantrip Dice",
				"Target": "One creature you can see within range",
				"Secondary Damage": "1d8",
				"Secondary Damage Type": "Necrotic"
			}
		},
		{
			"name": "Unearthly Chorus (UA)",
			"source": "UAStarterSpells",
			"data": {
				"Save": "Charisma"
			}
		},
		{
			"name": "Virtue (UA)",
			"source": "UAStarterSpells",
			"data": {}
		},
		{
			"name": "Wild Cunning (UA)",
			"source": "UAStarterSpells",
			"data": {}
		},
		{
			"name": "Zephyr Strike (UA)",
			"source": "UAStarterSpells",
			"data": {}
		},
		{
			"name": "Conjure Barlgura (UA)",
			"source": "UAThatOldBlackMagic",
			"data": {
				"Save": "Charisma"
			}
		},
		{
			"name": "Conjure Hezrou (UA)",
			"source": "UAThatOldBlackMagic",
			"data": {
				"Save": "Charisma"
			}
		},
		{
			"name": "Conjure Lesser Demon (UA)",
			"source": "UAThatOldBlackMagic",
			"data": {}
		},
		{
			"name": "Conjure Shadow Demon (UA)",
			"source": "UAThatOldBlackMagic",
			"data": {
				"Save": "Charisma"
			}
		},
		{
			"name": "Conjure Vrock (UA)",
			"source": "UAThatOldBlackMagic",
			"data": {
				"Save": "Charisma"
			}
		},
		{
			"name": "Abi-Dalzim's Horrid Wilting",
			"source": "XGE",
			"data": {
				"Save": "Constitution",
				"Damage": "12d8",
				"Damage Type": "Necrotic",
				"Save Success": "Half damage",
				"Target": "Every creature in a 30-foot cube centered on a point"
			}
		},
		{
			"name": "Absorb Elements",
			"source": "XGE",
			"data": {
				"Damage": "1d6",
				"Damage Type": "Triggering",
				"Higher Spell Slot Die": "d6",
				"Higher Spell Slot Dice": "1"
			}
		},
		{
			"name": "Aganazzar's Scorcher",
			"source": "XGE",
			"data": {
				"Save": "Dexterity",
				"Damage": "3d8",
				"Damage Type": "Fire",
				"Higher Spell Slot Die": "d8",
				"Higher Spell Slot Dice": "1",
				"Target": "Each creature in a line 30 feet long and 5 feet wide emanating from you in a direction you choose",
				"Save Success": "Half damage"
			}
		},
		{
			"name": "Beast Bond",
			"source": "XGE",
			"data": {}
		},
		{
			"name": "Bones of the Earth",
			"source": "XGE",
			"data": {
				"Save": "Dexterity",
				"Damage": "6d6",
				"Damage Type": "Bludgeoning"
			}
		},
		{
			"name": "Catapult",
			"source": "XGE",
			"data": {
				"Save": "Dexterity",
				"Damage": "3d8",
				"Damage Type": "Bludgeoning",
				"Higher Spell Slot Die": "d8",
				"Higher Spell Slot Dice": "1"
			}
		},
		{
			"name": "Catnap",
			"source": "XGE",
			"data": {}
		},
		{
			"name": "Cause Fear",
			"source": "XGE",
			"data": {
				"Save": "Wisdom",
				"Target": "One creature you can see within range",
				"Save Success": "Effect ends on creature"
			}
		},
		{
			"name": "Ceremony",
			"source": "XGE",
			"data": {}
		},
		{
			"name": "Chaos Bolt",
			"source": "XGE",
			"data": {
				"Damage": "2d8 + 1d6",
				"Damage Type": "Variable",
				"Target": "One creature in range",
				"Spell Attack": "Ranged",
				"Higher Spell Slot Die": "d6",
				"Higher Spell Slot Dice": "1"
			}
		},
		{
			"name": "Charm Monster",
			"source": "XGE",
			"data": {
				"Save": "Wisdom"
			}
		},
		{
			"name": "Control Flames",
			"source": "XGE",
			"data": {}
		},
		{
			"name": "Control Winds",
			"source": "XGE",
			"data": {}
		},
		{
			"name": "Create Bonfire",
			"source": "XGE",
			"data": {
				"Save": "Dexterity",
				"Damage": "1d8",
				"Damage Type": "Fire",
				"Damage Progression": "Cantrip Dice"
			}
		},
		{
			"name": "Create Homunculus",
			"source": "XGE",
			"data": {}
		},
		{
			"name": "Crown of Stars",
			"source": "XGE",
			"data": {
				"Damage": "4d12",
				"Damage Type": "Radiant",
				"Target": "One creature or object within 120 feet",
				"Spell Attack": "Ranged"
			}
		},
		{
			"name": "Danse Macabre",
			"source": "XGE",
			"data": {}
		},
		{
			"name": "Dawn",
			"source": "XGE",
			"data": {
				"Save": "Constitution",
				"Damage": "4d10",
				"Damage Type": "Radiant",
				"Target": "Each creature in a 30-foot-radius, 40-foot-high cylinder",
				"Save Success": "Half damage"
			}
		},
		{
			"name": "Dragon's Breath",
			"source": "XGE",
			"data": {
				"Save": "Dexterity",
				"Damage": "3d6",
				"Damage Type": "Acid, cold, fire, lightning, or poison",
				"Target": "Each creature in a 15-foot cone originating from you",
				"Save Success": "Half damage",
				"Higher Spell Slot Die": "d6",
				"Higher Spell Slot Dice": "1"
			}
		},
		{
			"name": "Druid Grove",
			"source": "XGE",
			"data": {}
		},
		{
			"name": "Dust Devil",
			"source": "XGE",
			"data": {
				"Save": "Strength",
				"Damage": "1d8",
				"Damage Type": "Bludgeoning",
				"Save Success": "Half damage and not pushed",
				"Higher Spell Slot Die": "d8",
				"Higher Spell Slot Dice": "1"
			}
		},
		{
			"name": "Earth Tremor",
			"source": "XGE",
			"data": {
				"Save": "Dexterity",
				"Damage": "1d6",
				"Damage Type": "Bludgeoning",
				"Higher Spell Slot Die": "d6",
				"Higher Spell Slot Dice": "1",
				"Target": "Each creature other than you"
			}
		},
		{
			"name": "Earthbind",
			"source": "XGE",
			"data": {
				"Save": "Strength"
			}
		},
		{
			"name": "Elemental Bane",
			"source": "XGE",
			"data": {
				"Save": "Constitution",
				"Damage": "2d6",
				"Damage Type": "Extra of the chosen type"
			}
		},
		{
			"name": "Enemies Abound",
			"source": "XGE",
			"data": {
				"Save": "Intelligence",
				"Save Success": "Effect ends on creature"
			}
		},
		{
			"name": "Enervation",
			"source": "XGE",
			"data": {
				"Save": "Dexterity",
				"Damage": "2d8",
				"Damage Type": "Necrotic",
				"Target": "A creature you can see within range",
				"Healing": "You regain half the necrotic damage the target takes",
				"Higher Spell Slot Die": "d8",
				"Higher Spell Slot Dice": "1"
			}
		},
		{
			"name": "Erupting Earth",
			"source": "XGE",
			"data": {
				"Save": "Dexterity",
				"Damage": "3d12",
				"Damage Type": "Bludgeoning",
				"Save Success": "Half damage",
				"Higher Spell Slot Die": "d12",
				"Higher Spell Slot Dice": "1",
				"Target": "Each creature in a 20-foot cube centered on point you can see on the ground within range"
			}
		},
		{
			"name": "Far Step",
			"source": "XGE",
			"data": {}
		},
		{
			"name": "Find Greater Steed",
			"source": "XGE",
			"data": {}
		},
		{
			"name": "Flame Arrows",
			"source": "XGE",
			"data": {
				"Damage": "1d6",
				"Damage Type": "Fire"
			}
		},
		{
			"name": "Frostbite",
			"source": "XGE",
			"data": {
				"Save": "Constitution",
				"Damage": "1d6",
				"Damage Type": "Cold",
				"Damage Progression": "Cantrip Dice"
			}
		},
		{
			"name": "Guardian of Nature",
			"source": "XGE",
			"data": {}
		},
		{
			"name": "Gust",
			"source": "XGE",
			"data": {}
		},
		{
			"name": "Healing Spirit",
			"source": "XGE",
			"data": {
				"Target": "A space that is a 5-foot cube you can see within range",
				"Healing": "1d6"
			}
		},
		{
			"name": "Holy Weapon",
			"source": "XGE",
			"data": {
				"Save": "Constitution",
				"Damage": "4d8",
				"Damage Type": "Radiant",
				"Target": "Each creature of your choice that you can see within 30 feet of you",
				"Save Success": "Half damage and not blinded",
				"Secondary Damage": "2d8",
				"Secondary Damage Type": "Radiant"
			}
		},
		{
			"name": "Ice Knife",
			"source": "XGE",
			"data": {
				"Damage": "1d10",
				"Damage Type": "Piercing",
				"Spell Attack": "Ranged",
				"Save": "Dexterity",
				"Target": "Each creature within 5 feet of the point where the ice exploded",
				"Secondary Damage": "2d6",
				"Secondary Damage Type": "Cold",
				"Secondary Higher Spell Slot Die": "d6",
				"Secondary Higher Spell Slot Dice": "1"
			}
		},
		{
			"name": "Illusory Dragon",
			"source": "XGE",
			"data": {
				"Save": "Intelligence",
				"Damage": "7d6",
				"Damage Type": "Acid, cold, fire, lightning, necrotic, or poison",
				"Target": "Each creature in a 60-foot cone originating from the illusion's space",
				"Save Success": "Half damage"
			}
		},
		{
			"name": "Immolation",
			"source": "XGE",
			"data": {
				"Save": "Dexterity",
				"Damage": "8d6",
				"Damage Type": "Fire",
				"Save Success": "Half damage and not burning",
				"Target": "One creature you can see withing range"
			}
		},
		{
			"name": "Infernal Calling",
			"source": "XGE",
			"data": {}
		},
		{
			"name": "Infestation",
			"source": "XGE",
			"data": {
				"Save": "Constitution",
				"Damage": "1d6",
				"Damage Type": "Poison",
				"Damage Progression": "Cantrip Dice",
				"Target": "One creature you can see within range"
			}
		},
		{
			"name": "Investiture of Flame",
			"source": "XGE",
			"data": {
				"Save": "Dexterity",
				"Damage": "4d8",
				"Damage Type": "Fire",
				"Target": "Each creature in a line 15 feet long and 5 feet wide extending from you in a direction you choose",
				"Secondary Damage": "1d10",
				"Secondary Damage Type": "Fire",
				"Save Success": "Half damage"
			}
		},
		{
			"name": "Investiture of Ice",
			"source": "XGE",
			"data": {
				"Save": "Constitution",
				"Damage": "4d6",
				"Damage Type": "Cold",
				"Save Success": "Half damage and speed not halved",
				"Target": "Each creature in a 15-foot cone extending from you in a direction you choose"
			}
		},
		{
			"name": "Investiture of Stone",
			"source": "XGE",
			"data": {
				"Save": "Dexterity",
				"Target": "Other creatures on the ground in a 15-foot radius centred on you"
			}
		},
		{
			"name": "Investiture of Wind",
			"source": "XGE",
			"data": {
				"Save": "Constitution",
				"Damage": "2d10",
				"Damage Type": "Bludgeoning",
				"Save Success": "Half damage and not pushed away",
				"Target": "Each creature in a 15-foot cube centered on a point you can see within 60 feet of you"
			}
		},
		{
			"name": "Invulnerability",
			"source": "XGE",
			"data": {}
		},
		{
			"name": "Life Transference",
			"source": "XGE",
			"data": {
				"Damage": "4d8",
				"Damage Type": "Necrotic",
				"Target": "One creature of your choice that you can see within range",
				"Healing": "Twice the necrotic damage you take",
				"Higher Spell Slot Die": "d8",
				"Higher Spell Slot Dice": "1"
			}
		},
		{
			"name": "Maddening Darkness",
			"source": "XGE",
			"data": {
				"Save": "Wisdom",
				"Damage": "8d8",
				"Damage Type": "Psychic",
				"Save Success": "Half damage"
			}
		},
		{
			"name": "Maelstrom",
			"source": "XGE",
			"data": {
				"Save": "Strength",
				"Damage": "6d6",
				"Damage Type": "Bludgeoning"
			}
		},
		{
			"name": "Magic Stone",
			"source": "XGE",
			"data": {
				"Damage": "1d6",
				"Damage Type": "Bludgeoning",
				"Spell Attack": "Ranged",
				"Add Casting Modifier": "Yes"
			}
		},
		{
			"name": "Mass Polymorph",
			"source": "XGE",
			"data": {
				"Save": "Wisdom"
			}
		},
		{
			"name": "Maximilian's Earthen Grasp",
			"source": "XGE",
			"data": {
				"Save": "Strength",
				"Damage": "2d6",
				"Damage Type": "Bludgeoning",
				"Target": "A 5-foot-square unoccupied space on the ground that you can see within range"
			}
		},
		{
			"name": "Melf's Minute Meteors",
			"source": "XGE",
			"data": {
				"Save": "Dexterity",
				"Damage": "2d6",
				"Damage Type": "Fire",
				"Target": "Each creature within 5 feet of a point or points you choose within 120 feet of you",
				"Save Success": "Half damage"
			}
		},
		{
			"name": "Mental Prison",
			"source": "XGE",
			"data": {
				"Save": "Intelligence",
				"Damage": "5d10",
				"Damage Type": "Psychic",
				"Target": "One creature you can see within range",
				"Save Success": "Spell ends",
				"Secondary Damage": "10d10",
				"Secondary Damage Type": "Psychic"
			}
		},
		{
			"name": "Mighty Fortress",
			"source": "XGE",
			"data": {}
		},
		{
			"name": "Mind Spike",
			"source": "XGE",
			"data": {
				"Save": "Wisdom",
				"Damage": "3d8",
				"Damage Type": "Psychic",
				"Target": "One creature you can see within range",
				"Save Success": "Half damage",
				"Higher Spell Slot Die": "d8",
				"Higher Spell Slot Dice": "1"
			}
		},
		{
			"name": "Mold Earth",
			"source": "XGE",
			"data": {}
		},
		{
			"name": "Negative Energy Flood",
			"source": "XGE",
			"data": {
				"Save": "Constitution",
				"Damage": "5d12",
				"Damage Type": "Necrotic",
				"Target": "One creature you can see within range",
				"Save Success": "Half damage"
			}
		},
		{
			"name": "Power Word Pain",
			"source": "XGE",
			"data": {
				"Save": "Constitution"
			}
		},
		{
			"name": "Primal Savagery",
			"source": "XGE",
			"data": {
				"Damage": "1d10",
				"Damage Type": "Acid",
				"Damage Progression": "Cantrip Dice",
				"Target": "One creature within 5 feet of you",
				"Spell Attack": "Melee"
			}
		},
		{
			"name": "Primordial Ward",
			"source": "XGE",
			"data": {}
		},
		{
			"name": "Psychic Scream",
			"source": "XGE",
			"data": {
				"Save": "Intelligence",
				"Damage": "14d6",
				"Damage Type": "Psychic",
				"Target": "Up to ten creatures of your choice that you can see within range",
				"Save Success": "Half damage and not stunned"
			}
		},
		{
			"name": "Pyrotechnics",
			"source": "XGE",
			"data": {
				"Save": "Constitution",
				"Target": "Each creature within 10 feet of the target"
			}
		},
		{
			"name": "Scatter",
			"source": "XGE",
			"data": {
				"Save": "Wisdom",
				"Target": "Up to five creatures of your choice that you can see within range"
			}
		},
		{
			"name": "Shadow Blade",
			"source": "XGE",
			"data": {
				"Damage": "2d8",
				"Damage Type": "Psychic",
				"Higher Spell Slot Die": "d8",
				"Higher Spell Slot Dice": "1"
			}
		},
		{
			"name": "Shadow of Moil",
			"source": "XGE",
			"data": {
				"Damage": "2d8",
				"Damage Type": "Necrotic"
			}
		},
		{
			"name": "Shape Water",
			"source": "XGE",
			"data": {}
		},
		{
			"name": "Sickening Radiance",
			"source": "XGE",
			"data": {
				"Save": "Constitution",
				"Damage": "4d10",
				"Damage Type": "Radiant",
				"Target": "A creature that moves into the spell's area for the first time on a turn or starts its turn there"
			}
		},
		{
			"name": "Skill Empowerment",
			"source": "XGE",
			"data": {}
		},
		{
			"name": "Skywrite",
			"source": "XGE",
			"data": {}
		},
		{
			"name": "Snare",
			"source": "XGE",
			"data": {
				"Save": "Dexterity"
			}
		},
		{
			"name": "Snilloc's Snowball Swarm",
			"source": "XGE",
			"data": {
				"Save": "Dexterity",
				"Damage": "3d6",
				"Damage Type": "Cold",
				"Save Success": "Half damage",
				"Higher Spell Slot Die": "d6",
				"Higher Spell Slot Dice": "1",
				"Target": "Each creature in a 5-foot-radius sphere centered on a point you choose within range"
			}
		},
		{
			"name": "Soul Cage",
			"source": "XGE",
			"data": {
				"Healing": "2d8"
			}
		},
		{
			"name": "Steel Wind Strike",
			"source": "XGE",
			"data": {
				"Damage": "6d10",
				"Damage Type": "Force",
				"Target": "Up to five creatures you can see within range",
				"Spell Attack": "Melee"
			}
		},
		{
			"name": "Storm Sphere",
			"source": "XGE",
			"data": {
				"Save": "Strength",
				"Damage": "2d6",
				"Damage Type": "Bludgeoning",
				"Higher Spell Slot Die": "d6",
				"Higher Spell Slot Dice": "1",
				"Target": "Each creature in a 20-foot-radius sphere centered on a point you choose within range",
				"Secondary Damage": "4d6",
				"Secondary Damage Type": "Lightning",
				"Secondary Higher Spell Slot Die": "d6",
				"Secondary Higher Spell Slot Dice": "1"
			}
		},
		{
			"name": "Summon Greater Demon",
			"source": "XGE",
			"data": {
				"Save": "Charisma"
			}
		},
		{
			"name": "Summon Lesser Demons",
			"source": "XGE",
			"data": {}
		},
		{
			"name": "Synaptic Static",
			"source": "XGE",
			"data": {
				"Save": "Intelligence",
				"Damage": "8d6",
				"Damage Type": "Psychic",
				"Target": "Each creature within a 20-foot-radius sphere centered on a point within range",
				"Save Success": "Half damage"
			}
		},
		{
			"name": "Temple of the Gods",
			"source": "XGE",
			"data": {}
		},
		{
			"name": "Tenser's Transformation",
			"source": "XGE",
			"data": {}
		},
		{
			"name": "Thunder Step",
			"source": "XGE",
			"data": {
				"Save": "Constitution",
				"Damage": "3d10",
				"Damage Type": "Thunder",
				"Target": "Each creature within 10 feet of the space you left",
				"Save Success": "Half damage",
				"Higher Spell Slot Die": "d10",
				"Higher Spell Slot Dice": "1"
			}
		},
		{
			"name": "Thunderclap",
			"source": "XGE",
			"data": {
				"Save": "Constitution",
				"Damage": "1d6",
				"Damage Type": "Thunder",
				"Damage Progression": "Cantrip Dice",
				"Target": "Each creature within range other than you"
			}
		},
		{
			"name": "Tidal Wave",
			"source": "XGE",
			"data": {
				"Save": "Dexterity",
				"Damage": "4d8",
				"Damage Type": "Bludgeoning",
				"Save Success": "Half damage and not prone",
				"Target": "Each creature in an area within range up to 30 feet long, up to 10 feet wide, and up to 10 feet tall"
			}
		},
		{
			"name": "Tiny Servant",
			"source": "XGE",
			"data": {}
		},
		{
			"name": "Toll the Dead",
			"source": "XGE",
			"data": {
				"Save": "Wisdom",
				"Damage": "1d12",
				"Damage Type": "Necrotic",
				"Damage Progression": "Cantrip Dice",
				"Target": "One creature you can see within range",
				"Secondary Damage": "1d8",
				"Secondary Damage Type": "Necrotic"
			}
		},
		{
			"name": "Transmute Rock",
			"source": "XGE",
			"data": {
				"Save": "Dexterity",
				"Damage": "4d8",
				"Damage Type": "Bludgeoning"
			}
		},
		{
			"name": "Vitriolic Sphere",
			"source": "XGE",
			"data": {
				"Save": "Dexterity",
				"Damage": "10d4",
				"Damage Type": "Acid",
				"Higher Spell Slot Die": "d4",
				"Higher Spell Slot Dice": "2",
				"Save Success": "Half damage and no damage at end of turn",
				"Target": "Each creature in a 20-foot-radius sphere centered on a point within range",
				"Secondary Damage": "5d4",
				"Secondary Damage Type": "Acid"
			}
		},
		{
			"name": "Wall of Light",
			"source": "XGE",
			"data": {
				"Save": "Constitution",
				"Damage": "4d8",
				"Damage Type": "Radiant",
				"Target": "Each creature in the wall's area",
				"Save Success": "Half damage and not blinded",
				"Secondary Damage": "4d8",
				"Secondary Damage Type": "Radiant"
			}
		},
		{
			"name": "Wall of Sand",
			"source": "XGE",
			"data": {}
		},
		{
			"name": "Wall of Water",
			"source": "XGE",
			"data": {}
		},
		{
			"name": "Warding Wind",
			"source": "XGE",
			"data": {}
		},
		{
			"name": "Watery Sphere",
			"source": "XGE",
			"data": {}
		},
		{
			"name": "Whirlwind",
			"source": "XGE",
			"data": {
				"Save": "Dexterity",
				"Damage": "10d6",
				"Damage Type": "Bludgeoning",
				"Save Success": "Half damage and not restrained",
				"Target": "Each creature in a 10-foot-radius, 30-foot-high cylinder centred on a point on the ground within range"
			}
		},
		{
			"name": "Word of Radiance",
			"source": "XGE",
			"data": {
				"Save": "Constitution",
				"Damage": "1d6",
				"Damage Type": "Radiant",
				"Damage Progression": "Cantrip Dice",
				"Target": "Each creature of your choice that you can see within range"
			}
		},
		{
			"name": "Wrath of Nature",
			"source": "XGE",
			"data": {
				"Save": "Dexterity",
				"Damage": "4d6",
				"Damage Type": "Slashing",
				"Target": "Each of your enemies within 10 feet of any tree within a 60-foot cube centered on a point chosen when the spell was cast",
				"Secondary Damage": "3d8",
				"Secondary Damage Type": "Nonmagical bludgeoning"
			}
		},
		{
			"name": "Zephyr Strike",
			"source": "XGE",
			"data": {
				"Damage": "1d8",
				"Damage Type": "Force"
			}
		}
	]
}